event_id,event_date,landslide_category,landslide_trigger,landslide_size,landslide_setting,latitude,longitude,fatality_count,country_name,admin_division_name
1055,07/22/2009 12:00:00 AM,landslide,downpour,medium,unknown,26.8826,88.2788,0.0,India,Bengal
1054,07/22/2009 12:00:00 AM,landslide,downpour,medium,unknown,26.8572,88.3143,0.0,India,Bengal
1061,07/01/2009 05:40:00 AM,landslide,downpour,medium,unknown,27.478,88.527,0.0,India,
2164,07/29/2010 11:00:00 PM,landslide,downpour,medium,unknown,25.3098633,94.48214677,0.0,India,Manipur
3821,07/21/2011 12:00:00 AM,landslide,rain,medium,unknown,29.7334,79.6367,1.0,India,Uttarakhand
37,03/19/2007 12:00:00 AM,landslide,rain,medium,unknown,33.8778,74.3333,2.0,India,Kashmir
3669,06/29/2011 12:00:00 AM,landslide,downpour,medium,unknown,30.7666,78.7963,0.0,India,Uttarakhand
3750,07/09/2011 12:00:00 AM,landslide,downpour,medium,unknown,30.7652,78.5925,0.0,India,Uttarakhand
3751,07/09/2011 12:00:00 AM,landslide,downpour,medium,unknown,30.7331,79.0685,0.0,India,Uttarakhand
3752,07/09/2011 12:00:00 AM,landslide,downpour,medium,unknown,31.0188,78.4129,0.0,India,Uttarakhand
3819,07/21/2011 12:00:00 AM,landslide,rain,medium,unknown,30.4043,79.3318,1.0,India,Uttarakhand
4565,09/18/2012 12:00:00 AM,landslide,downpour,medium,unknown,31.0226,77.1029,,India,Himachal Pradesh
4569,09/19/2012 12:00:00 AM,landslide,downpour,large,unknown,27.8385,88.556,20.0,India,
4571,09/19/2012 12:00:00 AM,landslide,downpour,large,unknown,27.6558,88.605,,India,
4929,06/16/2013 12:00:00 AM,landslide,rain,medium,unknown,30.4954,78.3881,0.0,India,Uttarakhand
4930,06/16/2013 12:00:00 AM,landslide,rain,medium,unknown,30.885,78.6695,0.0,India,Uttarakhand
4931,06/16/2013 12:00:00 AM,landslide,rain,medium,unknown,29.7986,80.417,0.0,India,Uttarakhand
4982,06/25/2013 08:00:00 AM,landslide,downpour,medium,unknown,10.9628,77.5947,0.0,India,Tamil Nādu
4983,06/25/2013 08:00:00 AM,landslide,downpour,medium,unknown,10.9628,77.5947,0.0,India,Tamil Nādu
5122,07/17/2013 12:00:00 AM,mudslide,rain,medium,unknown,25.7658,93.9413,0.0,India,Nāgāland
5123,07/17/2013 12:00:00 AM,mudslide,rain,medium,unknown,25.7131,94.0885,0.0,India,Nāgāland
7176,04/02/2015 12:00:00 AM,landslide,continuous_rain,medium,natural_slope,34.1587,74.4725,0.0,India,Kashmir
143,07/28/2007 12:00:00 AM,landslide,rain,medium,unknown,15.4014,73.8277,,India,Goa
3659,06/27/2011 12:00:00 AM,landslide,rain,medium,unknown,12.6771,75.2565,0.0,India,Karnataka
1097,08/17/2009 06:00:00 PM,landslide,continuous_rain,medium,unknown,29.4085,80.1327,0.0,India,Uttarakhand
7370,08/01/2015 12:00:00 AM,landslide,continuous_rain,medium,above_road,24.1419,94.1078,0.0,India,Manipur
4928,06/16/2013 12:00:00 AM,landslide,rain,medium,unknown,30.4619,79.0765,0.0,India,Uttarakhand
4445,07/05/2012 12:00:00 AM,landslide,downpour,large,unknown,30.1281,78.3221,1.0,India,Uttarakhand
2118,07/22/2010 05:00:00 AM,landslide,downpour,medium,unknown,33.3893,75.203,0.0,India,Kashmir
2502,09/25/2010 12:00:00 AM,landslide,downpour,medium,unknown,33.241,75.2382,0.0,India,Kashmir
5635,11/13/2013 11:00:00 PM,landslide,downpour,medium,unknown,8.4557,77.009,0.0,India,Kerala
5084,07/12/2013 11:00:00 PM,landslide,downpour,medium,unknown,25.616,94.1167,0.0,India,Nāgāland
3618,06/17/2011 12:00:00 AM,landslide,downpour,medium,unknown,31.5639,77.9798,0.0,India,Himachal Pradesh
7726,08/22/2015 04:30:00 AM,landslide,downpour,medium,above_road,31.0365,77.1213,0.0,India,Himachal Pradesh
5225,07/28/2013 12:00:00 AM,mudslide,downpour,small,unknown,30.819,78.6149,1.0,India,Uttarakhand
3986,09/25/2011 12:00:00 AM,landslide,downpour,medium,unknown,27.0605,88.255,0.0,India,Bengal
2566,10/08/2010 12:00:00 AM,mudslide,downpour,medium,unknown,25.4769,94.1351,0.0,India,Nāgāland
1050,07/03/2009 12:00:00 AM,landslide,rain,medium,unknown,26.87324244,88.29184021,0.0,India,Bengal
2226,08/09/2010 06:00:00 PM,landslide,downpour,medium,unknown,33.334,75.7627,1.0,India,Kashmir
3116,02/13/2011 12:00:00 AM,landslide,rain,medium,above_road,33.33875958,75.1921061,,India,Kashmir
1988,06/15/2010 12:00:00 AM,landslide,downpour,small,unknown,18.7624,73.3747,0.0,India,Maharashtra
4139,01/12/2012 10:00:00 PM,landslide,downpour,medium,unknown,33.2407,75.2373,0.0,India,Kashmir
1109,08/20/2009 12:00:00 AM,landslide,downpour,medium,unknown,25.5215,93.1645,0.0,India,Assam
7196,07/12/2015 12:00:00 AM,landslide,continuous_rain,medium,above_road,33.2049,75.2845,0.0,India,Kashmir
3128,02/16/2011 06:00:00 PM,landslide,downpour,medium,unknown,33.2609,75.244,0.0,India,Kashmir
3777,07/15/2011 06:00:00 PM,landslide,downpour,medium,unknown,32.3491,77.2181,1.0,India,Himachal Pradesh
2206,08/06/2010 12:30:00 AM,landslide,downpour,very_large,unknown,34.1416,77.4871,234.0,India,Kashmir
1961,06/09/2010 02:15:00 PM,landslide,downpour,medium,unknown,25.8833,91.2,0.0,India,Meghālaya
595,06/20/2008 12:00:00 AM,landslide,rain,medium,unknown,26.885,88.2778,,India,Bengal
9474,08/07/2016 12:00:00 AM,landslide,continuous_rain,medium,unknown,32.6987,75.0582,1.0,India,Kashmir
9199,06/08/2016 10:00:00 PM,landslide,downpour,medium,above_road,34.2952,75.3226,0.0,India,Kashmir
2578,10/09/2010 12:00:00 AM,landslide,downpour,medium,unknown,25.3179,94.0462,0.0,India,Nāgāland
322,10/21/2007 12:00:00 AM,landslide,rain,medium,unknown,24.75,93.4333,,India,Assam
5552,09/24/2013 12:00:00 AM,landslide,unknown,medium,unknown,25.0985,94.3619,,India,Manipur
3707,07/03/2011 12:00:00 AM,landslide,rain,medium,unknown,34.1601,75.496,0.0,India,Kashmir
3621,06/17/2011 12:00:00 AM,mudslide,downpour,large,unknown,26.88,88.28,4.0,India,Bengal
2241,08/13/2010 12:00:00 AM,landslide,downpour,medium,above_road,30.80200029,78.61786282,,India,Uttarakhand
3562,06/01/2011 11:00:00 PM,landslide,downpour,medium,unknown,9.6326,76.9792,0.0,India,Kerala
3250,03/19/2011 12:00:00 AM,landslide,downpour,medium,unknown,33.3308,75.1773,0.0,India,Kashmir
9356,08/02/2016 10:30:00 PM,rock_fall,monsoon,medium,above_road,19.3421,73.7735,0.0,India,Maharashtra
5208,07/26/2013 12:00:00 AM,landslide,rain,medium,unknown,30.2835,79.2498,,India,Uttarakhand
5053,07/07/2013 12:00:00 AM,landslide,downpour,medium,unknown,31.9671,76.8521,,India,Himachal Pradesh
1993,06/16/2010 12:00:00 AM,landslide,downpour,medium,unknown,26.8073,88.3162,0.0,India,Bengal
6928,03/31/2015 12:00:00 AM,landslide,construction,medium,above_road,30.6145,79.8102,4.0,India,Uttarakhand
7031,05/24/2015 12:00:00 AM,landslide,unknown,medium,above_road,27.6163,88.6586,0.0,India,Sikkim
9351,03/07/2016 12:00:00 AM,landslide,unknown,medium,natural_slope,22.1337,78.8979,3.0,India,Madhya Pradesh
7932,06/28/2016 12:00:00 AM,landslide,downpour,small,mine,15.3455,73.8976,0.0,India,Goa
4535,09/03/2012 12:00:00 AM,landslide,downpour,medium,urban,19.0397,72.907,,India,Maharashtra
4514,08/24/2012 12:00:00 AM,landslide,downpour,medium,unknown,31.709,76.9312,,India,Himachal Pradesh
7084,07/06/2015 12:00:00 AM,landslide,downpour,medium,above_road,29.393,79.4525,0.0,India,Uttarakhand
4498,08/18/2012 12:00:00 AM,landslide,downpour,medium,unknown,32.1797,77.1947,,India,Himachal Pradesh
1157,09/12/2009 11:00:00 PM,landslide,downpour,small,unknown,31.1032,77.1625,,India,Himachal Pradesh
2460,09/19/2010 12:00:00 AM,landslide,downpour,medium,unknown,31.9843,77.1889,0.0,India,Himachal Pradesh
2025,06/28/2010 12:00:00 AM,landslide,downpour,medium,unknown,25.5728,91.885,1.0,India,Meghālaya
9405,04/19/2016 12:00:00 AM,landslide,continuous_rain,medium,unknown,26.7223,95.0243,0.0,India,Nagaland
6962,06/18/2015 10:00:00 PM,landslide,continuous_rain,medium,unknown,15.4465,73.927,0.0,India,Goa
1908,05/27/2010 09:45:00 AM,landslide,rain,medium,unknown,34.5628,77.6001,0.0,India,Kashmir
5343,08/17/2013 11:00:00 PM,landslide,continuous_rain,medium,unknown,24.7625,93.4341,,India,Assam
6971,06/09/2015 12:00:00 AM,landslide,continuous_rain,medium,above_road,27.0987,93.816,2.0,India,Arunachal Pradesh
57,04/11/2007 12:00:00 AM,landslide,downpour,medium,unknown,27.4459,88.6193,,India,
1611,04/01/2010 12:00:00 AM,landslide,downpour,medium,unknown,25.1553,93.028,3.0,India,Assam
3905,08/10/2011 12:00:00 AM,landslide,rain,medium,unknown,30.2828,78.3041,0.0,India,Uttarakhand
2015,06/25/2010 12:00:00 AM,landslide,downpour,medium,unknown,19.069,72.8703,0.0,India,Maharashtra
3749,07/09/2011 12:00:00 AM,landslide,downpour,medium,unknown,30.7412,79.4929,0.0,India,Uttarakhand
147,07/30/2007 12:00:00 AM,landslide,downpour,medium,unknown,22.533,92.899,,India,Mizoram
6189,08/03/2014 09:00:00 AM,landslide,continuous_rain,small,above_road,19.1497,83.6299,0.0,India,State of Odisha
6358,09/06/2014 12:00:00 AM,landslide,rain,medium,unknown,32.8468,75.137,5.0,India,Kashmir
4382,06/03/2012 12:00:00 AM,landslide,downpour,medium,unknown,25.1175,92.8573,,India,Assam
8367,06/30/2016 10:00:00 PM,mudslide,monsoon,large,unknown,29.8002,80.2565,0.0,India,Uttarakhand
1112,08/20/2009 12:00:00 AM,mudslide,downpour,medium,unknown,27.1761,88.5287,0.0,India,Sikkim
100,06/25/2007 12:00:00 AM,landslide,rain,medium,unknown,11.2738,75.8275,,India,Kerala
2424,09/13/2010 12:00:00 AM,landslide,downpour,medium,unknown,23.591,92.9296,0.0,India,Mizoram
9166,07/18/2016 12:00:00 AM,rock_fall,rain,medium,above_road,30.7313,78.4358,,India,Uttarakhand
2379,09/03/2010 12:00:00 AM,landslide,downpour,medium,unknown,30.2851,78.9829,0.0,India,Uttarakhand
2391,09/04/2010 12:00:00 AM,landslide,downpour,medium,unknown,30.8987,78.3399,0.0,India,Uttarakhand
78,05/23/2007 12:00:00 AM,landslide,rain,medium,unknown,27.3383,88.6069,,India,Sikkim
705,08/10/2008 12:00:00 AM,landslide,rain,medium,unknown,18.72,73.47,,India,Maharashtra
5638,11/13/2013 12:00:00 AM,landslide,downpour,medium,unknown,8.1747,77.444,0.0,India,Tamil Nadu
5097,07/14/2013 12:00:00 AM,landslide,downpour,medium,unknown,31.4711,77.6746,1.0,India,Himachal Pradesh
2136,07/25/2010 12:00:00 AM,landslide,downpour,medium,unknown,30.904,77.0969,0.0,India,Himachal Pradesh
6322,10/27/2014 09:00:00 AM,rock_fall,downpour,medium,above_road,10.2379,77.6377,0.0,India,Tamil Nadu
4504,08/21/2012 12:00:00 AM,landslide,downpour,medium,unknown,34.6113,74.9499,,India,Kashmir
5431,09/01/2013 12:00:00 AM,mudslide,continuous_rain,medium,unknown,24.9829,93.5063,0.0,India,Assam
2963,01/11/2011 12:00:00 AM,landslide,construction,medium,unknown,15.4838,73.8164,0.0,India,Goa
3672,06/29/2011 12:00:00 AM,landslide,downpour,medium,unknown,25.5125,93.3613,0.0,India,Assam
2416,09/12/2010 12:00:00 AM,landslide,downpour,medium,unknown,30.7333,78.4403,0.0,India,Uttarakhand
7262,07/21/2015 12:00:00 AM,landslide,continuous_rain,small,above_road,33.7403,77.7559,0.0,India,Kashmir
2161,07/29/2010 12:00:00 AM,landslide,downpour,medium,unknown,30.7467,78.4517,0.0,India,Uttarakhand
3997,09/30/2011 12:00:00 AM,landslide,unknown,medium,unknown,27.5161,88.5575,0.0,India,
2253,08/15/2010 11:00:00 PM,landslide,downpour,medium,unknown,25.31006064,94.48265093,0.0,India,Manipur
3764,07/12/2011 05:15:00 PM,landslide,rain,medium,unknown,19.6699,73.5111,0.0,India,Maharashtra
2210,08/06/2010 12:30:00 AM,landslide,downpour,large,unknown,34.1619,77.5528,0.0,India,Kashmir
2464,09/19/2010 12:00:00 AM,landslide,downpour,medium,unknown,30.9544,77.5063,0.0,India,Himachal Pradesh
7158,07/11/2015 12:00:00 AM,landslide,continuous_rain,medium,above_road,32.9262,75.1447,0.0,India,Kashmir
5099,07/14/2013 12:00:00 AM,landslide,rain,medium,unknown,30.6738,77.3544,0.0,India,Himachal Pradesh
2305,08/21/2010 12:00:00 AM,landslide,downpour,medium,unknown,31.5304,77.7755,0.0,India,Himachal Pradesh
5285,08/05/2013 12:00:00 AM,landslide,monsoon,medium,unknown,29.5659,80.3657,1.0,India,Uttarakhand
1108,08/20/2009 12:00:00 AM,landslide,downpour,medium,unknown,24.9925,93.5,0.0,India,Assam
2467,09/19/2010 12:00:00 AM,landslide,downpour,medium,unknown,30.7198,77.1695,0.0,India,Himachal Pradesh
448,02/08/2008 12:00:00 AM,landslide,rain,medium,unknown,12.9752,77.6092,,India,Karnātaka
6105,06/26/2014 11:00:00 PM,landslide,continuous_rain,medium,above_road,28.9205,95.3429,0.0,India,Arunachal Pradesh
7175,04/05/2015 12:00:00 AM,landslide,continuous_rain,medium,unknown,33.9243,74.6163,0.0,India,Kashmir
9168,06/12/2016 11:00:00 PM,landslide,downpour,medium,above_road,27.6438,93.871,0.0,India,Arunachal Pradesh
554,05/28/2008 12:00:00 AM,landslide,downpour,medium,unknown,9.7327,76.8403,,India,Kerala
7021,06/27/2015 11:00:00 PM,landslide,downpour,medium,unknown,27.0076,88.251,1.0,India,West Bengal
7159,07/10/2015 12:00:00 AM,landslide,continuous_rain,medium,unknown,29.3908,79.4552,0.0,India,Uttarakhand
3560,05/31/2011 02:30:00 PM,landslide,downpour,medium,unknown,24.8286,93.5935,2.0,India,Manipur
2215,08/06/2010 01:00:00 AM,landslide,downpour,medium,unknown,32.371,77.2468,0.0,India,Himachal Pradesh
587,06/15/2008 12:00:00 AM,landslide,downpour,medium,unknown,27.2298,94.0989,17.0,India,Assam
237,09/06/2007 12:00:00 AM,landslide,rain,large,unknown,29.5833,80.2167,,India,Uttarakhand
8012,09/06/2015 03:00:00 PM,landslide,unknown,medium,above_road,25.9703,91.8584,0.0,India,Meghalaya
7062,05/14/2015 09:00:00 AM,landslide,downpour,small,above_road,33.6303,74.4838,0.0,India,Kashmir
5633,11/13/2013 04:00:00 AM,landslide,downpour,medium,unknown,8.4951,76.921,0.0,India,Kerala
2369,08/31/2010 12:00:00 AM,landslide,downpour,medium,unknown,16.5332,80.6103,0.0,India,Andhra Pradesh
7335,08/18/2015 09:00:00 AM,landslide,continuous_rain,medium,urban,25.5145,90.2023,0.0,India,Meghalaya
7215,07/13/2015 11:00:00 PM,landslide,continuous_rain,small,above_road,32.2473,78.037,1.0,India,Himachal Pradesh
5179,07/24/2013 12:00:00 AM,landslide,downpour,medium,unknown,30.262,79.2191,0.0,India,Uttarakhand
704,08/10/2008 12:00:00 AM,landslide,downpour,medium,unknown,12.6445,75.605,,India,Karnataka
6840,02/05/2015 12:00:00 AM,landslide,unknown,medium,unknown,33.7453,74.1794,0.0,India,Kashmir
3568,06/02/2011 12:00:00 AM,landslide,downpour,medium,unknown,9.8721,76.7046,0.0,India,Kerala
6544,08/22/2014 10:30:00 PM,other,downpour,medium,above_road,11.683,77.571,0.0,India,Tamil Nadu
2014,06/25/2010 12:00:00 AM,landslide,downpour,medium,unknown,19.153,72.9266,0.0,India,Maharashtra
8962,06/18/2016 12:00:00 AM,mudslide,downpour,medium,above_road,15.0275,74.1623,0.0,India,Goa
6570,08/30/2011 12:00:00 AM,landslide,continuous_rain,medium,above_road,17.4303,73.5097,0.0,India,Maharashtra
7167,04/08/2015 12:00:00 AM,landslide,continuous_rain,small,above_road,34.6609,73.9593,0.0,India,Kashmir
141,07/26/2007 12:00:00 AM,landslide,rain,medium,unknown,25.38,91.88,,India,Meghālaya
3983,09/23/2011 12:00:00 AM,landslide,downpour,large,unknown,26.1548,91.7351,4.0,India,Assam
395,12/16/2007 12:00:00 AM,landslide,rain,medium,unknown,34.93977198,76.83270934,13.0,India,Kashmir
1487,02/08/2010 06:00:00 PM,landslide,downpour,medium,unknown,34.0876,74.0225,1.0,India,Kashmir
419,01/09/2008 12:00:00 AM,landslide,rain,medium,unknown,33.23738085,75.24528226,,India,Kashmir
148,07/30/2007 12:00:00 AM,landslide,downpour,medium,unknown,22.479,92.967,,India,Mizoram
3899,08/08/2011 12:00:00 AM,landslide,downpour,medium,unknown,30.2258,78.3755,0.0,India,Uttarakhand
2120,07/22/2010 12:00:00 AM,landslide,downpour,medium,unknown,29.6095,79.6628,1.0,India,Uttarakhand
1094,08/16/2009 09:30:00 PM,landslide,downpour,medium,deforested_slope,27.15977181,88.63411246,1.0,India,Bengal
7156,07/09/2015 12:00:00 AM,landslide,unknown,medium,below_road,10.3448,77.5666,0.0,India,Tamil Nadu
2454,09/19/2010 06:00:00 PM,landslide,downpour,medium,unknown,30.9013,79.5322,2.0,India,Uttarakhand
7161,07/11/2015 12:00:00 AM,landslide,continuous_rain,medium,unknown,30.241,78.9,0.0,India,Uttarakhand
1775,04/21/2010 12:00:00 AM,landslide,downpour,medium,unknown,27.8965,96.1779,12.0,India,Arunāchal Pradesh
3663,06/28/2011 12:00:00 AM,landslide,downpour,medium,unknown,25.6682,94.1099,0.0,India,Nāgāland
7385,08/01/2015 12:00:00 AM,landslide,continuous_rain,medium,unknown,24.004,93.9815,0.0,India,Manipur
5410,08/28/2013 06:00:00 PM,landslide,downpour,medium,unknown,29.9531,78.1514,0.0,India,Uttarakhand
3643,06/23/2011 11:30:00 PM,landslide,downpour,large,unknown,27.2879,88.2579,16.0,India,
4978,06/24/2013 12:00:00 AM,debris_flow,downpour,medium,unknown,30.4542,78.3911,0.0,India,Uttarakhand
2575,10/09/2010 12:00:00 AM,landslide,downpour,medium,unknown,25.5242,92.9914,0.0,India,Assam
6873,03/15/2015 11:00:00 PM,landslide,snowfall_snowmelt,medium,above_road,33.0809,75.2966,0.0,India,Kashmir
9478,08/07/2016 12:00:00 AM,landslide,continuous_rain,medium,above_road,32.4298,75.5807,0.0,India,Kashmir
1526,02/26/2010 11:00:00 PM,landslide,downpour,medium,unknown,33.0097,74.9402,2.0,India,Kashmir
3759,07/11/2011 12:00:00 AM,landslide,downpour,medium,unknown,30.506,79.1127,0.0,India,Uttarakhand
4523,08/29/2012 12:00:00 AM,landslide,downpour,medium,unknown,33.775,74.0934,,India,Kashmir
3840,07/25/2011 12:00:00 AM,landslide,downpour,medium,unknown,24.6869,93.9157,0.0,India,Manipur
73,05/08/2007 12:00:00 AM,landslide,rain,medium,unknown,33.242,75.231,,India,Kashmir
2594,10/12/2010 06:00:00 PM,landslide,downpour,medium,unknown,33.1847,75.8062,0.0,India,Kashmir
6015,05/08/2014 12:00:00 AM,mudslide,rain,medium,above_road,27.9032,96.174,0.0,India,Arunachal Pradesh
7123,04/26/2015 12:00:00 AM,landslide,unknown,small,above_road,16.5172,80.6024,0.0,India,Andhra Pradesh
3741,07/07/2011 12:00:00 AM,landslide,rain,medium,unknown,25.4191,94.1079,0.0,India,Nāgāland
9476,08/07/2016 12:00:00 AM,landslide,continuous_rain,medium,above_road,33.1457,75.7964,0.0,India,Kashmir
523,05/05/2008 12:00:00 AM,landslide,downpour,medium,unknown,33.9513,74.9845,,India,Kashmir
8654,07/04/2016 08:00:00 AM,landslide,unknown,small,urban,12.8041,74.8678,0.0,India,Karnataka
4516,08/24/2012 12:00:00 AM,landslide,downpour,medium,unknown,30.9044,77.0969,,India,Himachal Pradesh
210,08/25/2007 12:00:00 AM,landslide,rain,medium,unknown,27.0713,88.4308,,India,Bengal
5098,07/14/2013 12:00:00 AM,landslide,downpour,medium,unknown,32.17,77.1788,1.0,India,Himachal Pradesh
7287,07/26/2015 12:00:00 AM,landslide,continuous_rain,small,above_road,32.5606,76.1206,0.0,India,Himachal Pradesh
2106,07/20/2010 12:00:00 AM,landslide,downpour,medium,unknown,26.8716,94.9921,0.0,India,Nāgāland
5044,07/06/2013 12:00:00 AM,landslide,downpour,medium,unknown,31.1628,77.7241,,India,Himachal Pradesh
9051,07/19/2016 09:00:00 AM,landslide,unknown,medium,natural_slope,26.09748244,91.8744337,0.0,India,Meghalaya
870,10/29/2008 12:00:00 AM,mudslide,downpour,medium,unknown,27.4,92.35,12.0,India,Arunāchal Pradesh
2392,09/04/2010 12:00:00 AM,landslide,downpour,medium,unknown,27.3702,88.7334,0.0,India,Sikkim
1037,06/17/2009 04:00:00 AM,mudslide,downpour,medium,unknown,26.89,88.47,0.0,India,Bengal
2293,08/20/2010 12:00:00 AM,landslide,downpour,medium,unknown,30.7221,78.6437,0.0,India,Uttarakhand
7111,04/28/2015 12:00:00 AM,landslide,continuous_rain,small,above_road,30.5631,79.5765,0.0,India,Uttarakhand
3830,07/22/2011 12:00:00 AM,landslide,downpour,small,unknown,24.3527,94.3429,0.0,India,Manipur
4906,06/07/2013 12:00:00 AM,landslide,unknown,medium,unknown,26.0977,94.7499,,India,Nāgāland
1091,08/16/2009 09:00:00 AM,landslide,downpour,medium,above_river,27.02459801,88.43849551,2.0,India,Bengal
2135,07/25/2010 12:00:00 AM,landslide,downpour,medium,unknown,32.2067,76.3641,0.0,India,Himachal Pradesh
4497,08/18/2012 12:00:00 AM,landslide,downpour,medium,unknown,32.2278,78.071,,India,Himachal Pradesh
151,08/02/2007 12:00:00 AM,mudslide,rain,medium,unknown,26.8905,88.2789,3.0,India,Bengal
7076,07/04/2015 06:00:00 PM,landslide,unknown,small,natural_slope,26.9282,88.4553,0.0,India,West Bengal
5023,07/04/2013 12:00:00 AM,landslide,continuous_rain,medium,unknown,30.0712,80.2386,,India,Uttarakhand
5197,07/25/2013 12:00:00 AM,landslide,continuous_rain,medium,unknown,30.8203,78.6185,,India,Uttarakhand
218,08/29/2007 12:00:00 AM,landslide,rain,medium,unknown,27.0096,88.2548,,India,Bengal
6462,07/30/2014 12:00:00 AM,landslide,construction,medium,mine,19.678,73.5036,0.0,India,Maharashtra
6973,06/21/2015 12:00:00 AM,landslide,continuous_rain,small,natural_slope,18.7833,73.4703,0.0,India,Maharashtra
5290,08/07/2013 03:30:00 AM,landslide,downpour,medium,unknown,32.2322,76.3037,0.0,India,Himachal Pradesh
2261,08/17/2010 08:00:00 AM,landslide,downpour,medium,unknown,26.9435,88.4445,0.0,India,Bengal
93,06/13/2007 12:00:00 AM,landslide,rain,small,unknown,26.7324,88.4089,,India,Bengal
7289,07/26/2015 12:00:00 AM,landslide,continuous_rain,small,above_road,31.7085,76.9297,0.0,India,Himachal Pradesh
9603,10/12/2016 12:00:00 AM,landslide,downpour,medium,below_road,26.8861,88.1704,0.0,India,West Bengal
6225,09/07/2014 12:00:00 AM,mudslide,downpour,medium,unknown,33.0677,75.1466,41.0,India,Kashmir
3269,03/22/2011 12:00:00 AM,landslide,downpour,medium,unknown,28.0791,96.5242,0.0,India,Arunāchal Pradesh
715,08/14/2008 12:00:00 AM,complex,monsoon,medium,unknown,31.0,77.12,,India,Himachal Pradesh
7178,04/03/2015 12:00:00 AM,landslide,continuous_rain,small,other,34.0604,74.4203,0.0,India,Kashmir
6539,08/20/2014 06:00:00 PM,landslide,rain,medium,unknown,20.5349,73.1703,0.0,India,Gujarat
3820,07/21/2011 12:00:00 AM,landslide,rain,medium,unknown,30.1665,78.1123,1.0,India,Uttarakhand
7596,08/07/2015 03:30:00 AM,rock_fall,continuous_rain,small,above_road,18.7631,73.347,0.0,India,Maharashtra
1755,04/17/2010 03:00:00 PM,landslide,downpour,small,unknown,27.3341,88.6083,0.0,India,Sikkim
6990,06/24/2015 12:00:00 AM,landslide,continuous_rain,medium,above_road,26.0319,94.5466,0.0,India,Nagaland
5332,08/14/2013 12:00:00 AM,landslide,downpour,medium,unknown,33.7705,74.0967,,India,Kashmir
7678,08/11/2015 11:00:00 PM,landslide,rain,medium,above_road,32.1967,76.3194,0.0,India,Himachal Pradesh
3902,08/09/2011 12:00:00 AM,landslide,downpour,medium,unknown,24.5958,72.7169,0.0,India,Rajasthan
98,06/25/2007 12:00:00 AM,landslide,rain,medium,unknown,18.431,79.1492,10.0,India,Andhra Pradesh
3708,07/03/2011 12:00:00 AM,landslide,downpour,medium,unknown,34.1491,76.826,0.0,India,Kashmir
9002,07/16/2016 03:00:00 PM,debris_flow,downpour,medium,above_road,30.4554,78.0973,0.0,India,Uttarakhand
1995,06/16/2010 12:00:00 AM,landslide,rain,medium,unknown,27.0765,88.4808,3.0,India,Bengal
6222,10/01/2014 11:00:00 AM,landslide,unknown,small,above_road,27.1249,93.7706,5.0,India,Arunachal Pradesh
9169,06/12/2016 12:00:00 AM,landslide,continuous_rain,unknown,above_road,26.1677,94.2442,0.0,India,Nagaland
2177,07/30/2010 12:00:00 AM,landslide,downpour,medium,unknown,15.949,73.9667,0.0,India,Maharashtra
4435,06/25/2012 12:00:00 AM,landslide,downpour,large,unknown,27.174,95.8011,,India,Arunāchal Pradesh
2439,09/17/2010 09:00:00 AM,landslide,downpour,medium,unknown,16.5141,80.6055,0.0,India,Andhra Pradesh
4313,04/08/2012 12:00:00 AM,landslide,downpour,medium,unknown,28.4659,95.86,0.0,India,Arunāchal Pradesh
2165,07/29/2010 12:00:00 AM,landslide,downpour,medium,unknown,12.896,74.8735,0.0,India,Karnataka
3559,05/31/2011 06:00:00 PM,landslide,rain,medium,unknown,30.4783,78.2741,1.0,India,Uttarakhand
6341,09/11/2014 12:00:00 AM,landslide,downpour,medium,above_road,30.688,79.0478,0.0,India,Uttarakhand
2227,08/09/2010 12:00:00 AM,landslide,downpour,medium,unknown,30.6463,79.5306,0.0,India,Uttarakhand
2537,10/03/2010 12:00:00 AM,landslide,rain,medium,unknown,12.9711,76.2728,0.0,India,Karnataka
2344,08/27/2010 04:30:00 PM,landslide,downpour,medium,unknown,24.7505,93.4221,0.0,India,Assam
7263,07/22/2015 12:00:00 AM,landslide,continuous_rain,medium,above_road,25.4477,94.0489,0.0,India,Manipur
4486,08/17/2012 12:00:00 AM,landslide,downpour,medium,unknown,9.7285,76.803,,India,Kerala
5271,08/04/2013 12:00:00 AM,landslide,continuous_rain,medium,unknown,26.284,94.5808,,India,Nāgāland
4424,06/20/2012 12:00:00 AM,landslide,downpour,medium,unknown,26.149,91.7351,,India,Assam
3525,05/22/2011 12:00:00 AM,landslide,downpour,medium,unknown,25.0672,93.4093,0.0,India,Assam
4949,06/18/2013 03:00:00 PM,landslide,rain,medium,unknown,30.3797,78.5017,0.0,India,Uttarakhand
706,08/10/2008 12:00:00 AM,landslide,rain,medium,unknown,25.08,75.72,2.0,India,Rajasthan
7369,08/01/2015 12:00:00 AM,landslide,continuous_rain,medium,above_road,24.1988,94.1016,0.0,India,Manipur
7676,08/12/2015 09:00:00 AM,landslide,monsoon,medium,above_road,32.1764,76.3075,0.0,India,Himachal Pradesh
4936,06/17/2013 12:00:00 AM,landslide,downpour,large,unknown,30.6945,79.0544,13.0,India,Uttarakhand
3895,08/07/2011 12:00:00 AM,landslide,rain,medium,unknown,31.0766,77.3913,0.0,India,Himachal Pradesh
8860,06/17/2016 12:00:00 AM,rock_fall,monsoon,large,above_river,31.5124,78.1181,0.0,India,Himachal Pradesh
1291,11/09/2009 12:00:00 AM,landslide,downpour,medium,unknown,11.4098,76.6939,42.0,India,Tamil Nadu
6356,11/07/2014 12:00:00 AM,mudslide,downpour,medium,other,32.9411,75.0922,0.0,India,Kashmir
4198,02/15/2012 12:00:00 AM,landslide,downpour,medium,unknown,32.3682,75.5227,0.0,India,Kashmir
5180,07/24/2013 12:00:00 AM,landslide,downpour,medium,unknown,19.1711,73.0207,0.0,India,Maharashtra
5200,07/25/2013 12:00:00 AM,landslide,downpour,medium,unknown,11.3192,76.5959,,India,Tamil Nadu
5637,11/13/2013 12:00:00 AM,landslide,downpour,medium,unknown,8.4863,76.9517,0.0,India,Kerala
4892,06/01/2013 12:00:00 AM,landslide,downpour,large,unknown,27.8776,94.25,,India,Arunāchal Pradesh
2546,10/04/2010 12:00:00 AM,landslide,downpour,medium,unknown,30.9546,77.1792,0.0,India,Himachal Pradesh
8086,06/24/2016 11:00:00 PM,landslide,downpour,medium,unknown,12.8157,74.8586,0.0,India,Karnataka
4377,06/02/2012 12:00:00 AM,landslide,downpour,large,unknown,26.1475,91.7356,,India,Assam
428,01/16/2008 12:00:00 AM,landslide,snowfall_snowmelt,medium,unknown,33.2537,75.2006,,India,Kashmir
5430,09/01/2013 12:00:00 AM,mudslide,continuous_rain,medium,unknown,24.9037,93.487,0.0,India,Manipur
7264,07/22/2015 12:00:00 AM,landslide,continuous_rain,medium,above_road,25.4538,93.9827,0.0,India,Manipur
9220,07/26/2016 11:00:00 PM,landslide,downpour,unknown,unknown,27.1027,88.1218,0.0,India,West Bengal
5006,07/01/2013 12:00:00 AM,landslide,downpour,medium,unknown,26.1147,94.3864,0.0,India,Nāgāland
3115,02/13/2011 12:00:00 AM,landslide,snowfall_snowmelt,medium,unknown,33.3037,75.1827,0.0,India,Kashmir
2468,09/19/2010 12:00:00 AM,landslide,downpour,medium,unknown,30.9035,77.0965,0.0,India,Himachal Pradesh
9092,12/20/2015 09:00:00 AM,landslide,unknown,medium,unknown,10.8319,78.7075,4.0,India,Tamil Nadu
256,09/10/2007 12:00:00 AM,landslide,rain,medium,unknown,27.3425,88.6236,,India,Sikkim
9335,05/18/2016 08:00:00 AM,landslide,continuous_rain,unknown,unknown,24.5202,92.7239,2.0,India,Assam
9386,05/09/2016 12:10:00 PM,landslide,construction,small,mine,10.3316,76.9592,1.0,India,Tamil Nadu
8233,09/16/2015 12:00:00 AM,landslide,downpour,medium,above_road,19.316,83.2414,0.0,India,Odisha
7279,07/24/2015 12:00:00 AM,mudslide,monsoon,medium,other,24.9818,93.5142,0.0,India,Manipur
3114,02/13/2011 12:00:00 AM,landslide,snowfall_snowmelt,medium,unknown,33.1804,75.8101,0.0,India,Kashmir
1963,06/11/2010 12:00:00 AM,landslide,downpour,medium,unknown,26.944,88.4441,0.0,India,Bengal
5278,08/05/2013 09:30:00 AM,mudslide,monsoon,medium,unknown,10.0539,76.8298,5.0,India,Kerala
3174,03/05/2011 12:00:00 AM,landslide,downpour,medium,unknown,32.0996,77.1586,0.0,India,Himachal Pradesh
9257,07/31/2016 11:00:00 AM,mudslide,downpour,medium,above_road,19.1869,73.02,0.0,India,Maharashtra
5329,08/14/2013 12:00:00 AM,landslide,downpour,medium,unknown,32.9913,75.1915,,India,Kashmir
9449,08/04/2016 12:00:00 AM,debris_flow,continuous_rain,medium,above_road,30.7386,79.4954,0.0,India,Uttarakhand
3696,07/02/2011 06:00:00 PM,landslide,rain,small,unknown,13.1819,76.1147,0.0,India,Karnataka
9258,07/31/2016 12:00:00 AM,landslide,continuous_rain,medium,above_road,30.9753,78.4375,0.0,India,Uttarakhand
5182,07/24/2013 12:00:00 AM,landslide,downpour,medium,unknown,30.301,79.3628,0.0,India,Uttarakhand
1133,09/03/2009 11:30:00 PM,mudslide,downpour,large,unknown,19.0949,72.8899,12.0,India,Maharashtra
3614,06/16/2011 12:00:00 AM,landslide,rain,medium,unknown,11.2993,76.9354,0.0,India,Tamil Nadu
6288,09/22/2014 12:00:00 AM,landslide,rain,small,unknown,26.1985,91.7998,0.0,India,Assam
5087,07/12/2013 12:00:00 AM,landslide,downpour,medium,unknown,25.6269,94.1139,0.0,India,Nāgāland
5284,08/05/2013 12:00:00 AM,landslide,monsoon,medium,unknown,10.3228,76.4319,1.0,India,Kerala
5554,09/25/2013 07:00:00 AM,rock_fall,downpour,medium,unknown,21.6989,74.172,8.0,India,Maharashtra
3917,08/13/2011 09:00:00 AM,landslide,downpour,medium,unknown,31.7077,76.9313,2.0,India,Himachal Pradesh
6933,03/30/2015 12:00:00 AM,landslide,continuous_rain,medium,unknown,33.9344,74.6566,0.0,India,Kashmir
4481,08/17/2012 12:00:00 AM,landslide,downpour,medium,unknown,30.6594,79.5605,4.0,India,Uttarakhand
2461,09/19/2010 12:00:00 AM,landslide,downpour,medium,unknown,31.4582,78.2114,0.0,India,Himachal Pradesh
5382,08/21/2013 12:00:00 AM,landslide,downpour,medium,unknown,31.5375,77.3737,,India,Himachal Pradesh
588,06/15/2008 12:00:00 AM,landslide,rain,medium,unknown,32.5659,75.0944,,India,Kashmir
6966,06/17/2015 12:00:00 AM,landslide,downpour,small,unknown,26.9974,88.4314,0.0,India,West Bengal
725,08/17/2008 12:00:00 AM,landslide,rain,medium,unknown,31.1,77.16,,India,Himachal Pradesh
258,09/11/2007 12:00:00 AM,landslide,rain,medium,unknown,24.4279,94.0564,3.0,India,Manipur
6299,10/26/2014 12:00:00 AM,landslide,unknown,medium,above_road,33.1206,75.3142,0.0,India,Kashmir
9266,07/31/2016 12:00:00 AM,landslide,rain,small,above_road,25.4941,82.5725,0.0,India,Uttar Pradesh
5291,08/07/2013 08:00:00 AM,landslide,monsoon,medium,unknown,10.0606,76.6331,0.0,India,Kerala
2228,08/09/2010 12:00:00 AM,landslide,downpour,medium,unknown,30.6785,78.3475,0.0,India,Uttarakhand
2104,07/20/2010 12:00:00 AM,landslide,downpour,medium,unknown,29.36,80.126,0.0,India,Uttarakhand
5338,08/16/2013 12:00:00 AM,landslide,rain,medium,unknown,26.8727,94.9275,,India,Assam
2411,09/10/2010 12:00:00 AM,landslide,downpour,medium,unknown,27.0011,93.7273,0.0,India,Arunāchal Pradesh
4966,06/19/2013 12:00:00 AM,landslide,rain,medium,unknown,29.5935,79.6805,0.0,India,Uttarakhand
6143,07/14/2014 06:00:00 PM,landslide,downpour,medium,unknown,23.7327,92.7463,1.0,India,Mizoram
3557,05/31/2011 12:00:00 AM,landslide,downpour,medium,unknown,9.8012,76.9006,0.0,India,Kerala
3609,06/14/2011 12:00:00 AM,landslide,downpour,medium,unknown,14.0354,74.6624,0.0,India,Karnataka
5994,04/15/2014 12:00:00 AM,landslide,unknown,small,unknown,34.209,74.3524,1.0,India,Kashmir
3894,08/07/2011 12:00:00 AM,landslide,downpour,medium,unknown,31.0766,77.3916,0.0,India,Himachal Pradesh
7177,04/03/2015 03:00:00 PM,landslide,continuous_rain,medium,natural_slope,34.0978,74.4016,0.0,India,Kashmir
5022,07/04/2013 12:00:00 AM,landslide,downpour,medium,unknown,29.58,80.2214,,India,Uttarakhand
4908,06/08/2013 05:00:00 PM,landslide,downpour,medium,unknown,27.3721,88.708,0.0,India,Sikkim
4218,02/22/2012 12:00:00 AM,landslide,downpour,medium,unknown,33.241,75.234,0.0,India,Kashmir
7221,07/19/2015 03:00:00 PM,landslide,continuous_rain,small,above_road,18.7632,73.347,3.0,India,Maharashtra
9124,07/19/2016 12:00:00 AM,translational_slide,continuous_rain,large,natural_slope,25.203,90.5573,0.0,India,Meghalaya
7649,08/11/2015 12:00:00 AM,landslide,downpour,medium,above_road,31.3237,76.7622,0.0,India,Himachal Pradesh
6874,03/22/2015 11:00:00 PM,landslide,snowfall_snowmelt,medium,above_road,33.3343,75.1969,0.0,India,Kashmir
2282,08/19/2010 06:30:00 AM,landslide,downpour,medium,unknown,26.1984,94.8158,0.0,India,Nāgāland
9338,05/18/2016 08:00:00 AM,landslide,continuous_rain,medium,natural_slope,24.4638,92.4943,5.0,India,Assam
8227,09/15/2015 06:00:00 PM,rock_fall,downpour,medium,above_road,18.7734,82.8555,0.0,India,Odisha
7746,08/20/2015 11:00:00 PM,landslide,unknown,medium,unknown,32.6173,75.264,0.0,India,Kashmir
1210,10/02/2009 12:00:00 AM,landslide,rain,medium,unknown,14.9935,74.0478,,India,Karnataka
2421,09/13/2010 09:00:00 AM,landslide,downpour,medium,above_road,23.75406693,92.74128531,,India,Mizoram
3581,06/09/2011 12:00:00 AM,landslide,downpour,medium,unknown,33.1617,75.3278,1.0,India,Kashmir
2709,11/08/2010 07:00:00 PM,rock_fall,downpour,medium,unknown,14.7822,74.2279,1.0,India,Karnataka
2249,08/14/2010 12:00:00 AM,landslide,downpour,medium,unknown,26.0814,94.803,0.0,India,Nāgāland
8901,07/10/2016 12:00:00 AM,landslide,downpour,medium,above_road,25.7902,94.1318,0.0,India,Nagaland
2283,08/19/2010 12:00:00 AM,mudslide,downpour,medium,unknown,24.8961,93.4957,0.0,India,Manipur
4552,09/14/2012 12:00:00 AM,landslide,downpour,medium,unknown,27.0377,88.3603,,India,Sikkim
3117,02/13/2011 10:00:00 PM,landslide,downpour,medium,unknown,33.0165,74.9437,0.0,India,Kashmir
2016,06/25/2010 12:00:00 AM,landslide,downpour,medium,unknown,19.1095,72.8929,0.0,India,Maharashtra
3888,08/07/2011 01:00:00 AM,landslide,downpour,medium,unknown,31.2403,77.9258,0.0,India,Himachal Pradesh
3746,07/08/2011 12:00:00 AM,landslide,downpour,medium,unknown,30.6509,79.5192,0.0,India,Uttarakhand
7168,04/07/2015 12:00:00 AM,landslide,continuous_rain,medium,urban,34.2088,74.3279,0.0,India,Kashmir
6016,05/09/2014 11:00:00 PM,landslide,rain,small,unknown,24.8669,92.3576,7.0,India,Assam
215,08/28/2007 12:00:00 AM,landslide,rain,medium,unknown,25.7428,93.9136,1.0,India,Nāgāland
4551,09/14/2012 12:00:00 AM,landslide,downpour,large,unknown,29.841,79.7758,9.0,India,Uttarakhand
5533,09/16/2013 03:00:00 PM,landslide,downpour,small,unknown,27.0599,88.4674,1.0,India,Bengal
43,03/23/2007 12:00:00 AM,landslide,downpour,medium,unknown,33.9659,74.3313,10.0,India,Kashmir
3146,02/25/2011 12:00:00 AM,rock_fall,continuous_rain,medium,unknown,32.2338,77.1784,0.0,India,Himachal Pradesh
7780,08/26/2015 12:00:00 AM,landslide,continuous_rain,medium,above_road,23.3572,92.7878,1.0,India,Mizoram
2281,08/19/2010 06:00:00 PM,landslide,downpour,medium,above_road,25.61560252,94.11603493,,India,Nāgāland
1996,06/17/2010 07:30:00 PM,landslide,downpour,medium,unknown,26.4333,94.8833,0.0,India,Nāgāland
7012,06/25/2015 12:00:00 AM,landslide,downpour,medium,above_road,30.6838,79.0479,0.0,India,Uttarakhand
5282,08/05/2013 12:00:00 AM,landslide,monsoon,medium,unknown,9.8957,76.9346,1.0,India,Kerala
260,09/11/2007 12:00:00 AM,debris_flow,rain,medium,unknown,27.2084,88.4909,,India,
1213,10/03/2009 12:00:00 AM,landslide,downpour,medium,unknown,11.4816,75.9957,,India,Kerala
2291,08/20/2010 12:00:00 AM,landslide,downpour,medium,unknown,30.966,78.4151,0.0,India,Uttarakhand
6283,09/22/2014 12:00:00 AM,landslide,rain,small,unknown,26.1314,91.7548,0.0,India,Assam
6339,09/06/2014 12:00:00 AM,landslide,downpour,medium,unknown,33.5405,74.3723,13.0,India,Kashmir
5683,12/10/2013 10:30:00 AM,landslide,mining,small,unknown,15.7051,74.2197,0.0,India,
2478,09/20/2010 12:00:00 AM,landslide,downpour,medium,unknown,30.7332,78.4401,0.0,India,Uttarakhand
8930,07/11/2016 11:00:00 PM,landslide,unknown,large,unknown,26.1699,94.4922,0.0,India,Nagaland
869,10/29/2008 12:00:00 AM,landslide,downpour,medium,unknown,27.2333,94.1167,,India,Assam
285,09/29/2007 12:00:00 AM,landslide,rain,medium,unknown,24.1293,92.6921,,India,Mizoram
3662,06/28/2011 12:00:00 AM,landslide,rain,medium,below_road,25.03561729,94.0144205,,India,Manipur
7273,07/26/2015 12:00:00 AM,landslide,continuous_rain,medium,above_road,30.2411,78.9014,0.0,India,Uttarakhand
5328,08/14/2013 12:00:00 AM,landslide,downpour,medium,unknown,33.3018,75.1793,,India,Kashmir
5427,08/15/2013 12:00:00 AM,landslide,downpour,medium,unknown,25.3833,94.1884,,India,Nāgāland
2458,09/19/2010 12:00:00 AM,landslide,downpour,medium,unknown,30.9015,78.7756,0.0,India,Uttarakhand
8339,09/23/2015 12:00:00 AM,landslide,continuous_rain,medium,above_road,26.1666,91.7042,0.0,India,Assam
5360,08/18/2013 12:00:00 AM,landslide,rain,medium,unknown,30.3642,79.3158,,India,Uttarakhand
6374,11/06/2014 06:00:00 PM,landslide,unknown,medium,above_road,33.1261,75.4481,0.0,India,Kashmir
4905,06/07/2013 12:00:00 AM,landslide,unknown,medium,unknown,26.0977,94.7031,,India,Nāgāland
1072,08/08/2009 02:00:00 AM,landslide,downpour,large,unknown,29.5885,80.2098,15.0,India,Uttarakhand
2745,11/23/2010 08:00:00 AM,landslide,downpour,medium,unknown,10.2462,77.582,0.0,India,Tamil Nadu
336,10/30/2007 12:00:00 AM,landslide,rain,medium,unknown,11.2777,77.1236,2.0,India,Tamil Nadu
3896,08/07/2011 12:00:00 AM,landslide,downpour,medium,unknown,9.5988,76.5289,1.0,India,Kerala
4914,06/12/2013 10:00:00 PM,landslide,downpour,medium,unknown,30.7394,78.5306,0.0,India,Uttarakhand
9186,07/25/2016 12:30:00 PM,landslide,continuous_rain,medium,above_road,25.48,94.1383,0.0,India,Manipur
6934,03/30/2015 12:00:00 AM,landslide,continuous_rain,medium,unknown,34.0096,74.5915,0.0,India,Kashmir
3579,06/08/2011 12:00:00 AM,landslide,downpour,medium,unknown,33.1289,75.4325,4.0,India,Kashmir
5107,07/15/2013 12:00:00 AM,landslide,rain,medium,unknown,25.6269,94.1139,0.0,India,Nāgāland
7253,07/22/2015 12:00:00 AM,landslide,continuous_rain,medium,urban,24.7979,92.9974,5.0,India,Assam
1089,08/16/2009 01:30:00 AM,landslide,downpour,medium,unknown,26.7914,88.363,4.0,India,Bengal
7310,08/15/2015 12:00:00 AM,landslide,continuous_rain,medium,above_road,30.9085,78.3299,0.0,India,Uttarakhand
3668,06/29/2011 12:00:00 AM,landslide,downpour,medium,unknown,29.607,79.9298,0.0,India,Uttarakhand
6932,03/23/2015 12:00:00 AM,landslide,continuous_rain,medium,above_road,34.0796,74.0357,0.0,India,Kashmir
4325,04/16/2012 12:00:00 AM,landslide,unknown,medium,unknown,33.1467,75.5488,1.0,India,Kashmir
5567,09/30/2013 12:00:00 AM,landslide,unknown,medium,unknown,30.6004,78.3154,1.0,India,Uttarakhand
6286,09/22/2014 12:00:00 AM,landslide,rain,small,unknown,26.1044,91.7082,0.0,India,Assam
2466,09/19/2010 12:00:00 AM,landslide,downpour,medium,unknown,30.8741,76.9576,0.0,India,Himachal Pradesh
7940,09/03/2015 12:00:00 AM,landslide,unknown,medium,above_road,33.6794,74.2525,1.0,India,Kashmir
2479,09/20/2010 12:00:00 AM,landslide,downpour,medium,unknown,31.5699,78.2844,0.0,India,Himachal Pradesh
7736,06/02/2016 02:00:00 AM,rock_fall,downpour,small,natural_slope,16.5145,80.6526,1.0,India,Andhra Pradesh
7040,07/01/2015 12:00:00 AM,landslide,downpour,medium,unknown,26.9978,88.167,1.0,India,West Bengal
1212,10/03/2009 12:00:00 AM,landslide,downpour,medium,unknown,11.4477,75.8289,,India,Kerala
6782,09/28/2011 12:00:00 AM,landslide,rain,medium,below_road,26.8545,88.3372,0.0,India,West Bengal
6891,03/15/2015 12:00:00 AM,landslide,continuous_rain,small,unknown,34.1327,74.5594,0.0,India,Kashmir
594,06/19/2008 12:00:00 AM,mudslide,monsoon,medium,unknown,24.9336,93.8275,,India,Manipur
3674,06/29/2011 12:00:00 AM,landslide,downpour,large,unknown,30.0667,79.0193,10.0,India,Uttarakhand
5337,08/16/2013 12:00:00 AM,landslide,rain,medium,unknown,26.4205,94.9731,,India,Nāgāland
6186,07/30/2014 09:00:00 AM,mudslide,continuous_rain,large,deforested_slope,19.162,73.6873,151.0,India,Maharashtra
3881,08/05/2011 12:00:00 AM,landslide,downpour,medium,unknown,27.1034,93.6885,0.0,India,Arunāchal Pradesh
3925,08/15/2011 12:00:00 AM,landslide,downpour,medium,unknown,27.4888,93.0153,0.0,India,Arunāchal Pradesh
5187,07/25/2013 01:30:00 AM,rock_fall,downpour,small,unknown,19.3379,73.7767,2.0,India,Maharashtra
6867,03/15/2015 06:00:00 PM,landslide,continuous_rain,small,unknown,33.8911,74.9781,1.0,India,Kashmir
2654,10/27/2010 06:00:00 PM,landslide,downpour,medium,unknown,9.8678,76.7705,2.0,India,Kerala
7383,08/01/2015 12:00:00 AM,landslide,rain,medium,unknown,23.899,94.1434,0.0,India,Manipur
2209,08/06/2010 12:30:00 AM,landslide,downpour,large,unknown,34.208,77.5101,0.0,India,Kashmir
568,06/03/2008 12:00:00 AM,landslide,rain,medium,unknown,31.2077,77.193,,India,Himachal Pradesh
5864,02/12/2014 12:00:00 AM,landslide,snowfall_snowmelt,large,unknown,31.8246,77.4702,0.0,India,Himachal Pradesh
8900,07/07/2016 12:00:00 AM,landslide,monsoon,large,above_road,25.0118,94.3136,0.0,India,Manipur
9447,08/05/2016 12:00:00 AM,landslide,downpour,medium,above_road,33.0068,74.9455,5.0,India,Kashmir
4757,02/18/2013 12:00:00 AM,landslide,rain,medium,unknown,28.1193,95.1645,3.0,India,Arunāchal Pradesh
2427,09/13/2010 11:00:00 PM,landslide,downpour,medium,unknown,32.3109,77.2195,0.0,India,Himachal Pradesh
7666,08/11/2015 12:00:00 AM,landslide,continuous_rain,medium,unknown,25.1019,93.3729,0.0,India,Manipur
2492,09/23/2010 12:00:00 AM,landslide,downpour,medium,above_road,33.27140108,75.17707406,,India,Kashmir
7284,07/27/2015 12:00:00 AM,landslide,downpour,small,above_road,33.2706,75.7702,0.0,India,Kashmir
6931,03/23/2015 12:00:00 AM,landslide,continuous_rain,large,unknown,33.7099,74.7959,0.0,India,Kashmir
8287,09/21/2015 12:00:00 AM,landslide,downpour,medium,unknown,19.4662,72.8276,1.0,India,Maharashtra
4981,06/25/2013 08:00:00 AM,landslide,downpour,medium,unknown,10.9628,77.5947,0.0,India,Tamil Nadu
3813,07/20/2011 12:00:00 AM,landslide,rain,small,unknown,27.1141,88.4658,0.0,India,Bengal
2113,07/21/2010 08:00:00 AM,landslide,downpour,medium,unknown,27.3773,88.559,0.0,India,Sikkim
2045,07/06/2010 12:00:00 AM,mudslide,monsoon,medium,unknown,26.2363,94.8133,0.0,India,Nāgāland
7701,08/19/2015 03:00:00 PM,landslide,continuous_rain,medium,above_road,25.6278,94.1051,0.0,India,Nagaland
2470,09/19/2010 12:00:00 AM,landslide,downpour,medium,unknown,30.4326,78.0767,0.0,India,Uttarakhand
3757,07/10/2011 12:00:00 AM,landslide,downpour,medium,unknown,30.7333,78.4399,0.0,India,Uttarakhand
2422,09/13/2010 12:00:00 AM,landslide,downpour,medium,urban,23.74182634,92.7141905,,India,Mizoram
6513,08/14/2014 11:00:00 PM,mudslide,downpour,medium,unknown,23.0137,91.7174,3.0,India,Tripura
940,12/20/2008 12:00:00 AM,landslide,rain,medium,unknown,33.245,75.247,,India,Kashmir
4990,06/27/2013 11:00:00 PM,landslide,downpour,medium,unknown,27.3765,88.7628,0.0,India,Sikkim
4277,03/19/2012 11:00:00 PM,rock_fall,rain,medium,unknown,34.6507,74.7362,1.0,India,Kashmir
3886,08/06/2011 12:00:00 AM,landslide,downpour,medium,unknown,9.4237,76.9371,0.0,India,Kerala
2248,08/14/2010 12:00:00 AM,landslide,downpour,medium,unknown,26.222,94.9152,0.0,India,Nāgāland
5268,08/04/2013 12:00:00 AM,landslide,continuous_rain,medium,unknown,26.0137,94.5163,,India,Nāgāland
6014,05/07/2014 05:30:00 PM,landslide,rain,small,above_road,18.5158,73.1822,0.0,India,Maharashtra
6340,09/11/2014 12:00:00 AM,landslide,continuous_rain,medium,above_road,24.1965,73.703,0.0,India,Rajasthan
6106,06/26/2014 11:00:00 PM,landslide,continuous_rain,small,unknown,26.1407,91.7645,3.0,India,Assam
3965,09/06/2011 08:00:00 AM,landslide,rain,medium,unknown,24.808,93.117,3.0,India,Assam
858,10/22/2008 12:00:00 AM,landslide,downpour,medium,unknown,33.6549,74.6326,2.0,India,Kashmir
9328,05/20/2016 01:10:00 AM,landslide,unknown,small,above_road,8.2117,77.312,0.0,India,Tamil Nadu
6460,08/09/2014 08:00:00 AM,rock_fall,unknown,medium,unknown,24.544,85.3492,0.0,India,Bihar
8935,07/12/2016 12:00:00 AM,landslide,monsoon,small,unknown,15.6019,73.8093,0.0,India,Goa
3900,08/08/2011 12:00:00 AM,landslide,downpour,medium,unknown,30.6521,79.5566,0.0,India,Uttarakhand
1092,08/16/2009 09:00:00 AM,landslide,downpour,medium,above_road,26.74452462,88.40011959,1.0,India,Bengal
1111,08/20/2009 12:00:00 AM,landslide,downpour,medium,unknown,27.1344,88.4575,0.0,India,Bengal
7035,06/30/2015 12:00:00 AM,landslide,downpour,medium,unknown,25.4243,88.2746,3.0,India,West Bengal
6969,06/16/2015 06:15:00 AM,landslide,downpour,medium,urban,25.5114,90.215,4.0,India,Meghalaya
2044,07/06/2010 12:00:00 AM,mudslide,monsoon,medium,unknown,25.8877,94.7861,0.0,India,Nāgāland
2587,10/10/2010 06:00:00 AM,landslide,downpour,medium,unknown,25.6623,94.1072,0.0,India,Nāgāland
8684,07/07/2016 12:00:00 AM,landslide,continuous_rain,medium,retaining_wall,25.9611,91.3681,2.0,India,Assam
5263,08/04/2013 11:00:00 PM,landslide,monsoon,medium,unknown,9.9995,77.0309,2.0,India,Kerala
6949,06/22/2015 03:30:00 AM,landslide,downpour,medium,unknown,17.5861,73.1742,12.0,India,Maharashtra
1596,03/27/2010 08:00:00 PM,mudslide,downpour,medium,unknown,24.7339,93.9161,0.0,India,Manipur
5320,08/13/2013 08:00:00 AM,landslide,downpour,medium,unknown,30.6014,78.3449,2.0,India,Uttarakhand
4482,08/17/2012 03:30:00 PM,landslide,downpour,large,unknown,10.0604,76.635,4.0,India,Kerala
5130,07/18/2013 12:00:00 AM,debris_flow,downpour,small,unknown,30.7314,78.4347,0.0,India,Uttarakhand
1771,04/20/2010 12:00:00 AM,landslide,downpour,medium,unknown,26.1978,91.7665,0.0,India,Assam
710,08/12/2008 11:00:00 PM,landslide,downpour,large,unknown,13.986,75.452,,India,Karnataka
7364,07/31/2015 09:00:00 AM,landslide,continuous_rain,medium,below_road,24.819,94.3551,0.0,India,Manipur
3141,02/23/2011 12:00:00 AM,landslide,downpour,medium,unknown,30.4749,79.2293,0.0,India,Uttarakhand
3913,08/12/2011 12:00:00 AM,landslide,rain,medium,unknown,29.9121,78.1723,0.0,India,Uttarakhand
6968,06/13/2015 12:00:00 AM,landslide,continuous_rain,medium,unknown,25.463,92.2121,4.0,India,Meghalaya
7373,08/01/2015 12:00:00 AM,landslide,continuous_rain,medium,above_road,24.9111,94.4759,,India,Manipur
3893,08/07/2011 12:00:00 AM,landslide,downpour,medium,unknown,15.7067,73.9551,0.0,India,Goa
4570,09/19/2012 12:00:00 AM,landslide,downpour,medium,unknown,27.8458,95.2253,,India,Arunāchal Pradesh
443,02/03/2008 12:00:00 AM,landslide,downpour,medium,above_road,33.33280503,75.21320384,,India,Kashmir
5399,08/25/2013 03:00:00 PM,rock_fall,other,small,unknown,18.2807,83.0394,0.0,India,Andhra Pradesh
2260,08/17/2010 01:00:00 PM,landslide,downpour,medium,unknown,19.0997,72.8974,1.0,India,Maharashtra
1935,06/03/2010 12:00:00 AM,landslide,downpour,medium,unknown,23.8986,91.7599,0.0,India,Tripura
2480,09/20/2010 12:00:00 AM,landslide,downpour,medium,unknown,31.944,77.1179,0.0,India,Himachal Pradesh
6371,09/03/2014 12:00:00 AM,landslide,downpour,medium,unknown,33.1253,74.8288,5.0,India,Kashmir
9477,08/07/2016 12:00:00 AM,landslide,continuous_rain,medium,above_road,33.0716,74.839,0.0,India,Kashmir
6022,05/12/2014 12:00:00 AM,landslide,rain,small,above_road,34.0893,74.0241,0.0,India,Kashmir
2577,10/09/2010 12:00:00 AM,landslide,downpour,medium,unknown,25.5265,93.8673,0.0,India,Nāgāland
4975,06/24/2013 10:00:00 PM,landslide,downpour,medium,unknown,30.2524,78.9228,0.0,India,Uttarakhand
2397,09/06/2010 12:00:00 AM,landslide,downpour,medium,unknown,32.0987,77.1495,0.0,India,Himachal Pradesh
8944,11/14/2015 12:00:00 AM,landslide,rain,medium,urban,12.9746,80.2119,0.0,India,Tamil Nadu
3678,06/30/2011 12:00:00 AM,landslide,downpour,medium,unknown,30.15,78.7753,0.0,India,Uttarakhand
7172,04/03/2015 12:00:00 AM,landslide,continuous_rain,medium,unknown,33.1445,75.5469,4.0,India,Kashmir
7276,07/25/2015 09:00:00 AM,landslide,continuous_rain,medium,natural_slope,26.1062,91.8717,2.0,India,Assam
2390,09/04/2010 12:00:00 AM,landslide,downpour,medium,unknown,30.796,78.623,0.0,India,Uttarakhand
2017,06/25/2010 12:00:00 AM,landslide,downpour,medium,above_road,12.89163444,74.88548779,,India,Karnataka
9264,07/31/2016 11:00:00 PM,landslide,rain,medium,above_road,31.6865,77.1043,0.0,India,Himachal Pradesh
2139,07/25/2010 12:00:00 AM,landslide,downpour,medium,urban,31.1054,77.1727,0.0,India,Himachal Pradesh
3558,05/31/2011 12:00:00 AM,landslide,rain,medium,unknown,30.9206,78.3276,0.0,India,Uttarakhand
2576,10/09/2010 12:00:00 AM,landslide,downpour,medium,unknown,25.4788,94.1399,0.0,India,Nāgāland
7598,08/06/2015 12:00:00 AM,landslide,unknown,medium,unknown,33.1078,74.7756,0.0,India,Kashmir
3763,07/12/2011 12:00:00 AM,landslide,downpour,small,urban,31.10587659,77.17798485,,India,Himachal Pradesh
9037,12/07/2015 12:00:00 AM,rock_fall,unknown,medium,above_road,31.6817,77.1209,0.0,India,Himachal Pradesh
3907,08/11/2011 12:00:00 AM,landslide,downpour,medium,unknown,32.7327,74.8556,0.0,India,Kashmir
1102,08/19/2009 08:30:00 PM,landslide,downpour,medium,unknown,27.2644,88.1365,2.0,India,
6872,03/15/2015 12:00:00 AM,mudslide,rain,medium,unknown,33.7732,74.1011,1.0,India,Kashmir
9630,10/04/2016 12:00:00 AM,rock_fall,unknown,medium,above_river,29.8521,80.553,0.0,India,Uttarakhand
1056,07/22/2009 12:00:00 AM,landslide,downpour,medium,below_road,27.04,88.264,0.0,India,Bengal
6293,10/20/2014 12:00:00 AM,landslide,rain,medium,unknown,25.5006,90.0896,6.0,India,Meghalaya
5183,07/24/2013 12:00:00 AM,landslide,downpour,medium,unknown,30.3056,79.3286,0.0,India,Uttarakhand
2444,09/18/2010 12:00:00 AM,landslide,downpour,medium,unknown,29.2484,79.5371,4.0,India,Uttarakhand
4858,05/11/2013 09:00:00 AM,landslide,rain,medium,unknown,26.1662,91.7138,,India,Assam
3610,06/14/2011 08:00:00 AM,landslide,downpour,medium,unknown,15.5935,73.9434,0.0,India,Goa
5269,08/04/2013 12:00:00 AM,landslide,continuous_rain,medium,unknown,25.8376,94.5234,,India,Nāgāland
5270,08/04/2013 12:00:00 AM,landslide,continuous_rain,medium,unknown,26.0481,94.4619,,India,Nāgāland
8682,06/05/2016 11:00:00 PM,rock_fall,downpour,medium,natural_slope,24.6997,85.6285,0.0,India,Bihar
6284,09/22/2014 12:00:00 AM,landslide,rain,small,unknown,26.1324,91.8342,0.0,India,Assam
157,08/06/2007 12:00:00 AM,landslide,rain,medium,unknown,33.2451,75.2257,,India,Kashmir
2465,09/19/2010 12:00:00 AM,landslide,downpour,medium,unknown,31.4161,77.4153,0.0,India,Himachal Pradesh
2798,12/09/2010 11:00:00 PM,landslide,downpour,medium,unknown,8.3295,77.1963,0.0,India,Tamil Nadu
2202,08/05/2010 08:00:00 AM,landslide,downpour,medium,unknown,30.4068,79.3351,5.0,India,Uttarakhand
6369,09/04/2014 12:00:00 AM,rock_fall,downpour,small,above_road,33.0086,74.9426,0.0,India,Kashmir
4394,06/07/2012 04:30:00 AM,landslide,rain,large,unknown,27.1748,88.6458,7.0,India,Sikkim
6146,07/15/2014 12:00:00 AM,landslide,rain,small,above_road,27.059,88.4694,0.0,India,West Bengal
5017,07/03/2013 02:00:00 AM,landslide,downpour,medium,unknown,15.4123,74.2664,0.0,India,
9251,07/28/2016 11:00:00 PM,landslide,downpour,medium,retaining_wall,25.8702,94.7844,0.0,India,Nagaland
7699,08/19/2015 12:00:00 AM,landslide,continuous_rain,medium,unknown,26.0214,94.5224,0.0,India,Nagaland
3660,06/27/2011 12:00:00 AM,landslide,downpour,large,unknown,12.9141,74.856,0.0,India,Karnataka
5224,07/28/2013 12:00:00 AM,mudslide,downpour,small,unknown,29.9964,80.201,1.0,India,Uttarakhand
7664,08/11/2015 12:00:00 AM,landslide,continuous_rain,medium,unknown,24.7459,93.4251,0.0,India,Manipur
6871,03/15/2015 06:00:00 PM,mudslide,snowfall_snowmelt,medium,unknown,33.6846,74.2453,1.0,India,Kashmir
1088,08/16/2009 02:00:00 AM,landslide,downpour,medium,unknown,26.8867642,88.28044714,5.0,India,Bengal
8866,10/25/2015 12:00:00 AM,landslide,downpour,medium,above_road,33.3041,75.1982,0.0,India,Kashmir
6948,06/22/2015 12:00:00 AM,rock_fall,monsoon,small,above_road,18.7686,73.3678,0.0,India,Maharashtra
7589,08/19/2015 12:00:00 AM,landslide,rain,medium,above_road,25.2568,92.3825,0.0,India,Meghalaya
6264,10/12/2014 12:00:00 AM,landslide,tropical_cyclone,large,natural_slope,19.2046,84.1917,0.0,India,Odisha
7027,06/25/2015 12:00:00 AM,landslide,downpour,medium,unknown,34.6056,76.0539,0.0,India,Kashmir
7887,08/16/2015 12:00:00 AM,landslide,continuous_rain,medium,above_road,27.8835,96.9262,0.0,India,Arunachal Pradesh
7226,07/18/2015 12:00:00 AM,landslide,monsoon,medium,above_road,32.2239,76.3226,0.0,India,Himachal Pradesh
9404,05/01/2016 12:00:00 AM,landslide,downpour,medium,above_road,28.0822,96.5316,0.0,India,Arunachal Pradesh
1289,11/08/2009 12:00:00 AM,landslide,downpour,medium,unknown,10.3018,77.1711,1.0,India,Tamil Nadu
6287,09/22/2014 12:00:00 AM,landslide,rain,small,unknown,26.1295,91.7056,0.0,India,Assam
7367,08/08/2014 12:00:00 AM,landslide,unknown,medium,deforested_slope,32.2237,76.3369,0.0,India,Himachal Pradesh
2296,08/20/2010 12:00:00 AM,complex,downpour,medium,unknown,27.167,88.3652,0.0,India,Sikkim
4933,06/16/2013 12:00:00 AM,landslide,downpour,medium,unknown,31.5986,78.4384,4.0,India,Himachal Pradesh
8221,09/16/2015 12:00:00 AM,landslide,downpour,medium,above_road,18.7828,82.7935,0.0,India,Odisha
9120,12/24/2015 10:00:00 AM,landslide,construction,small,natural_slope,28.5746,77.2791,1.0,India,NCT
3374,04/17/2011 12:00:00 AM,landslide,downpour,medium,unknown,34.1802,74.2718,0.0,India,Kashmir
2229,08/09/2010 12:00:00 AM,landslide,downpour,medium,unknown,30.5151,78.3684,0.0,India,Uttarakhand
2339,08/26/2010 08:00:00 AM,landslide,downpour,medium,unknown,30.365,78.0641,0.0,India,Uttarakhand
149,07/30/2007 12:00:00 AM,landslide,downpour,medium,unknown,30.557,79.56,,India,Uttarakhand
2590,10/11/2010 12:00:00 AM,landslide,downpour,medium,unknown,16.5141,80.6058,0.0,India,Andhra Pradesh
2304,08/21/2010 06:00:00 PM,landslide,downpour,medium,unknown,25.5718,94.1211,0.0,India,Nāgāland
5273,08/04/2013 12:00:00 AM,landslide,monsoon,medium,unknown,26.1807,94.5497,,India,Nāgāland
4946,06/17/2013 12:00:00 AM,landslide,downpour,medium,unknown,31.6223,78.0193,5.0,India,Himachal Pradesh
1125,08/26/2009 12:00:00 AM,landslide,rain,medium,unknown,27.3746,88.7648,,India,Sikkim
6538,08/20/2014 11:00:00 PM,landslide,unknown,medium,above_road,31.5216,78.1346,2.0,India,Himachal Pradesh
131,07/20/2007 12:00:00 AM,landslide,downpour,medium,unknown,11.855,75.361,,India,Kerala
4658,12/11/2012 12:00:00 AM,mudslide,rain,medium,unknown,32.9522,75.1533,,India,Kashmir
8995,07/14/2016 12:00:00 AM,landslide,monsoon,small,unknown,26.1963,91.8074,1.0,India,Assam
6827,03/05/2015 12:00:00 AM,landslide,continuous_rain,medium,above_road,34.2092,74.321,0.0,India,Kashmir
2112,07/21/2010 08:00:00 AM,landslide,downpour,medium,unknown,27.5509,88.6475,0.0,India,
2455,09/19/2010 12:00:00 AM,landslide,downpour,medium,unknown,30.1035,78.4265,0.0,India,Uttarakhand
1134,09/03/2009 12:00:00 AM,landslide,rain,medium,unknown,32.351,77.2234,,India,Himachal Pradesh
2567,10/08/2010 12:00:00 AM,complex,downpour,medium,unknown,25.6633,94.4703,0.0,India,Manipur
6250,10/12/2014 06:00:00 PM,debris_flow,tropical_cyclone,medium,unknown,18.3297,82.9565,5.0,India,Andhra Pradesh
241,09/07/2007 12:00:00 AM,landslide,rain,large,unknown,27.201,88.4883,,India,
9318,05/23/2016 01:00:00 AM,rock_fall,rain,small,unknown,30.7007,77.8644,10.0,India,Uttarakhand
6631,01/05/2015 09:00:00 AM,other,unknown,small,below_road,28.6363,77.3957,0.0,India,Uttar Pradesh
2432,09/15/2010 12:00:00 AM,landslide,downpour,medium,unknown,31.4135,77.895,0.0,India,Himachal Pradesh
3127,02/16/2011 06:00:00 PM,landslide,downpour,medium,unknown,33.3308,75.1774,0.0,India,Kashmir
4485,08/17/2012 12:00:00 AM,landslide,downpour,medium,unknown,9.7268,76.8081,,India,Kerala
6530,08/17/2014 06:00:00 PM,landslide,downpour,medium,unknown,34.5382,74.2493,0.0,India,Kashmir
5088,07/12/2013 12:00:00 AM,mudslide,downpour,medium,unknown,29.3802,79.4633,6.0,India,Uttarakhand
3794,07/17/2011 12:00:00 AM,landslide,rain,medium,above_road,26.99195749,88.42280921,,India,Sikkim
481,03/17/2008 12:00:00 AM,landslide,snowfall_snowmelt,medium,unknown,32.2862,77.1613,25.0,India,Himachal Pradesh
5196,07/25/2013 12:00:00 AM,landslide,continuous_rain,medium,unknown,30.8928,78.48,,India,Uttarakhand
3616,06/17/2011 12:00:00 AM,landslide,rain,medium,unknown,15.5931,73.8119,0.0,India,Goa
2340,08/26/2010 12:00:00 AM,landslide,downpour,medium,unknown,32.7029,75.9568,0.0,India,Himachal Pradesh
8472,07/02/2016 08:00:00 AM,landslide,unknown,medium,above_road,33.6296,74.5264,0.0,India,Kashmir
2469,09/19/2010 12:00:00 AM,landslide,downpour,medium,unknown,30.9009,77.4668,0.0,India,Himachal Pradesh
7312,08/15/2015 07:30:00 AM,rock_fall,monsoon,small,above_road,18.7631,73.3471,0.0,India,Maharashtra
5043,07/06/2013 12:00:00 AM,landslide,downpour,small,unknown,31.9906,76.7907,,India,Himachal Pradesh
8921,11/07/2015 12:00:00 AM,rock_fall,unknown,small,above_road,11.3432,76.8285,0.0,India,Tamil Nadu
5384,08/22/2013 11:00:00 AM,landslide,continuous_rain,medium,unknown,19.0402,72.9089,0.0,India,Maharashtra
5086,07/12/2013 12:00:00 AM,landslide,rain,medium,unknown,29.3802,79.4633,6.0,India,Uttarakhand
5215,07/27/2013 12:00:00 AM,landslide,rain,medium,unknown,30.4521,78.754,,India,Uttarakhand
9465,08/07/2016 12:00:00 AM,landslide,continuous_rain,medium,unknown,32.9834,75.6953,2.0,India,Kashmir
5283,08/05/2013 12:00:00 AM,landslide,monsoon,medium,unknown,9.8539,76.9468,1.0,India,Kerala
2134,07/25/2010 12:00:00 AM,landslide,downpour,medium,unknown,16.94054188,73.46485294,,India,Maharashtra
5359,08/18/2013 12:00:00 AM,landslide,rain,medium,unknown,30.742,78.4543,,India,Uttarakhand
6285,09/22/2014 12:00:00 AM,landslide,rain,small,above_road,26.159,91.8178,0.0,India,Assam
868,10/29/2008 12:00:00 AM,landslide,downpour,medium,unknown,26.3333,91.25,7.0,India,Assam
6294,09/06/2014 12:00:00 AM,landslide,continuous_rain,medium,unknown,33.3551,74.5128,3.0,India,Kashmir
5005,07/01/2013 12:00:00 AM,landslide,downpour,medium,unknown,26.72,95.029,0.0,India,Nāgāland
3860,07/29/2011 12:00:00 AM,landslide,rain,medium,unknown,25.4192,94.108,0.0,India,Nāgāland
9584,10/11/2016 03:30:00 AM,landslide,downpour,medium,above_road,14.8009,74.118,0.0,India,Karnataka
5476,09/07/2013 03:00:00 PM,landslide,rain,medium,unknown,27.3736,88.7323,0.0,India,Sikkim
1032,05/26/2009 12:00:00 AM,landslide,tropical_cyclone,medium,unknown,27.0095,88.2592,6.0,India,Bengal
1127,08/27/2009 12:00:00 AM,landslide,downpour,medium,unknown,25.1718,93.123,,India,Assam
221,08/31/2007 12:00:00 AM,landslide,rain,medium,unknown,22.6461,88.3403,,India,Bengal
4917,06/12/2013 12:00:00 AM,landslide,downpour,medium,unknown,32.5552,76.1249,0.0,India,Himachal Pradesh
4984,06/25/2013 12:00:00 AM,landslide,downpour,small,unknown,11.4991,76.4949,0.0,India,Tamil Nadu
1107,08/20/2009 12:00:00 AM,landslide,continuous_rain,medium,unknown,27.0736,88.4779,1.0,India,Bengal
2201,08/05/2010 12:00:00 AM,landslide,downpour,medium,unknown,27.0366,88.263,0.0,India,Bengal
4927,06/16/2013 12:00:00 AM,landslide,rain,medium,unknown,30.5728,77.6521,0.0,India,Himachal Pradesh
653,07/18/2008 12:00:00 AM,landslide,rain,medium,unknown,29.33,80.1,14.0,India,Uttarakhand
2132,07/24/2010 09:00:00 AM,mudslide,downpour,medium,above_road,16.93911427,73.4745894,,India,Maharashtra
7614,08/08/2015 12:00:00 AM,landslide,downpour,medium,deforested_slope,31.8028,76.757,3.0,India,Himachal Pradesh
1959,06/08/2010 12:00:00 AM,landslide,monsoon,medium,unknown,19.1646,72.9325,0.0,India,Maharashtra
3671,06/29/2011 12:00:00 AM,landslide,downpour,medium,above_road,30.81507336,78.2242533,,India,Uttarakhand
5603,10/13/2013 07:30:00 PM,mudslide,downpour,medium,unknown,25.426,94.6024,0.0,India,Manipur
7251,07/21/2015 12:00:00 AM,landslide,continuous_rain,medium,above_road,34.2689,75.1495,0.0,India,Kashmir
5050,07/07/2013 12:00:00 AM,mudslide,rain,medium,unknown,31.703,76.936,,India,Himachal Pradesh
2042,07/06/2010 12:00:00 AM,mudslide,monsoon,medium,unknown,26.0093,94.5238,0.0,India,Nāgāland
5442,09/02/2013 12:00:00 AM,landslide,downpour,large,unknown,27.1614,93.7525,,India,Arunāchal Pradesh
7913,06/26/2016 12:00:00 AM,rock_fall,rain,small,above_road,18.241,73.4469,1.0,India,Maharashtra
7933,09/01/2015 12:00:00 AM,rock_fall,rain,medium,unknown,26.1868,91.6739,2.0,India,Assam
3637,06/21/2011 12:00:00 AM,landslide,rain,medium,deforested_slope,25.51614662,94.2341227,,India,Nāgāland
5177,07/23/2013 12:00:00 AM,landslide,downpour,medium,unknown,30.2902,79.151,0.0,India,Uttarakhand
2111,07/21/2010 12:00:00 AM,landslide,downpour,medium,unknown,12.8277,75.0772,0.0,India,Karnataka
2003,06/19/2010 08:00:00 AM,landslide,downpour,medium,unknown,17.8975,73.2961,8.0,India,Maharashtra
5181,07/24/2013 12:00:00 AM,landslide,downpour,medium,unknown,30.2733,79.233,,India,Uttarakhand
8163,06/23/2016 09:00:00 AM,rock_fall,downpour,medium,natural_slope,15.3739,73.8911,0.0,India,Goa
7288,07/26/2015 12:00:00 AM,landslide,continuous_rain,small,above_road,31.9563,77.1135,0.0,India,Himachal Pradesh
4823,04/26/2013 12:00:00 AM,mudslide,rain,medium,unknown,34.2946,75.4832,1.0,India,Kashmir
6965,06/17/2015 12:00:00 AM,landslide,downpour,small,unknown,27.0257,88.4301,0.0,India,West Bengal
4140,01/13/2012 08:00:00 AM,landslide,downpour,medium,unknown,33.4209,75.2045,0.0,India,Kashmir
6167,07/20/2014 12:00:00 AM,landslide,continuous_rain,small,above_road,30.6326,78.9953,3.0,India,Uttarakhand
9314,05/22/2016 03:00:00 PM,rock_fall,rain,small,mine,30.306,78.0648,10.0,India,Uttarakhand
5277,08/05/2013 05:30:00 AM,mudslide,monsoon,small,unknown,10.0539,76.8294,0.0,India,Kerala
5361,08/18/2013 12:00:00 AM,landslide,unknown,medium,unknown,31.0826,78.066,,India,Himachal Pradesh
4393,06/07/2012 12:00:00 AM,landslide,downpour,large,unknown,27.7565,88.632,7.0,India,
9017,07/17/2016 12:00:00 AM,landslide,downpour,medium,above_road,30.1642,78.2936,4.0,India,Uttarakhand
5293,08/07/2013 12:00:00 AM,landslide,unknown,small,unknown,32.9913,75.1915,,India,Kashmir
2310,08/22/2010 12:00:00 AM,complex,downpour,medium,unknown,30.4084,77.0666,1.0,India,Haryana
3837,07/24/2011 12:30:00 PM,landslide,downpour,medium,unknown,26.5836,93.0038,0.0,India,Assam
220,08/31/2007 12:00:00 AM,landslide,rain,medium,unknown,25.1333,93.9667,,India,Manipur
5565,09/30/2013 12:00:00 AM,landslide,unknown,medium,unknown,15.7156,73.8049,0.0,India,Goa
212,08/26/2007 12:00:00 AM,complex,rain,medium,unknown,25.5576,91.8506,,India,Meghālaya
6036,05/22/2014 09:00:00 AM,landslide,downpour,small,above_road,15.4951,73.8288,0.0,India,Goa
711,08/12/2008 12:00:00 AM,mudslide,rain,small,unknown,14.229,74.8122,,India,Karnataka
7372,07/31/2015 11:00:00 PM,mudslide,continuous_rain,medium,above_road,25.0634,94.3415,0.0,India,Manipur
2292,08/20/2010 12:00:00 AM,landslide,downpour,medium,unknown,30.8183,78.6186,0.0,India,Uttarakhand
6510,08/15/2014 12:00:00 AM,debris_flow,rain,medium,unknown,30.1176,78.7472,14.0,India,Uttarakhand
2570,10/08/2010 12:00:00 AM,landslide,downpour,medium,unknown,24.837,93.9128,0.0,India,Manipur
2676,10/31/2010 12:00:00 AM,landslide,downpour,medium,unknown,18.2733,83.0645,0.0,India,Andhra Pradesh
126,07/16/2007 12:00:00 AM,mudslide,rain,medium,unknown,27.1499,88.38,,India,Sikkim
1168,09/17/2009 12:00:00 AM,landslide,rain,medium,unknown,27.1954,88.6115,,India,Sikkim
3806,07/19/2011 12:00:00 AM,landslide,downpour,medium,unknown,27.1032,93.6884,3.0,India,Arunāchal Pradesh
2262,08/17/2010 12:00:00 AM,landslide,downpour,medium,unknown,19.1993,73.0109,10.0,India,Maharashtra
2214,08/06/2010 12:00:00 AM,landslide,downpour,medium,unknown,27.0375,88.2627,0.0,India,Bengal
5199,07/25/2013 12:00:00 AM,landslide,continuous_rain,medium,unknown,30.7866,78.6171,0.0,India,Uttarakhand
2026,06/28/2010 12:00:00 AM,landslide,downpour,medium,unknown,25.4916,91.2698,0.0,India,Meghālaya
2380,09/03/2010 12:00:00 AM,landslide,downpour,medium,unknown,30.4008,79.0278,0.0,India,Uttarakhand
3943,08/23/2011 12:00:00 AM,landslide,downpour,medium,unknown,27.13862165,88.22551799,5.0,India,
35,03/12/2007 12:00:00 AM,landslide,rain,medium,unknown,34.0935,74.9112,2.0,India,Kashmir
3567,06/02/2011 12:00:00 AM,landslide,downpour,medium,unknown,9.5207,77.0198,0.0,India,Tamil Nadu
714,08/14/2008 12:00:00 AM,landslide,rain,medium,unknown,27.163,94.0,,India,Assam
5184,07/24/2013 12:00:00 AM,landslide,downpour,medium,unknown,30.9058,78.0906,0.0,India,Uttarakhand
6110,06/27/2014 12:00:00 AM,landslide,rain,small,unknown,26.1619,91.7697,3.0,India,Assam
4559,09/17/2012 12:00:00 AM,landslide,downpour,medium,unknown,33.9639,74.9597,,India,Kashmir
247,09/08/2007 12:00:00 AM,landslide,rain,medium,unknown,25.0604,93.9877,,India,Manipur
5598,10/11/2013 03:00:00 PM,landslide,downpour,medium,unknown,32.3665,77.0857,3.0,India,Himachal Pradesh
4407,06/13/2012 12:00:00 AM,landslide,downpour,medium,unknown,25.0951,92.3567,,India,Assam
5129,07/18/2013 12:00:00 AM,landslide,downpour,medium,unknown,30.4043,79.3308,0.0,India,Uttarakhand
2445,09/18/2010 12:00:00 AM,landslide,downpour,medium,unknown,30.1454,78.6007,0.0,India,Uttarakhand
5309,08/10/2013 10:00:00 AM,landslide,downpour,medium,unknown,21.786,83.8847,7.0,India,Orissa
3789,07/16/2011 12:00:00 AM,landslide,downpour,medium,unknown,27.2743,92.9064,0.0,India,Arunāchal Pradesh
9618,10/15/2016 12:00:00 AM,rock_fall,downpour,small,above_road,26.9343,88.4486,0.0,India,West Bengal
2022,06/27/2010 11:00:00 PM,landslide,downpour,medium,above_road,12.89307458,74.88567317,0.0,India,Karnataka
798,09/19/2008 12:00:00 AM,landslide,downpour,medium,unknown,31.587,78.315,,India,Himachal Pradesh
2645,10/21/2010 11:00:00 PM,landslide,downpour,medium,unknown,34.0887,74.0227,3.0,India,Kashmir
6292,09/23/2014 12:00:00 AM,landslide,continuous_rain,small,unknown,25.7238,89.9032,1.0,India,Assam
6783,07/19/2012 12:00:00 AM,landslide,monsoon,medium,below_road,26.8546,88.3373,0.0,India,West Bengal
4483,08/17/2012 04:00:00 PM,landslide,downpour,medium,unknown,10.007,76.7105,2.0,India,Kerala
545,05/20/2008 12:00:00 AM,mudslide,mining,medium,unknown,24.9849,92.8411,5.0,India,Assam
4501,08/20/2012 12:00:00 AM,landslide,downpour,medium,unknown,33.0829,74.8333,1.0,India,Kashmir
3884,08/06/2011 10:00:00 PM,landslide,continuous_rain,medium,above_road,31.69137979,77.13222306,,India,Himachal Pradesh
7265,07/22/2015 12:00:00 AM,landslide,continuous_rain,medium,above_road,25.5007,93.9854,0.0,India,Manipur
2051,07/07/2010 12:00:00 AM,landslide,downpour,medium,unknown,31.1011,77.1793,0.0,India,Himachal Pradesh
6084,06/22/2014 03:00:00 AM,landslide,rain,medium,unknown,9.9983,76.7329,0.0,India,Kerala
2436,09/16/2010 03:00:00 AM,landslide,downpour,medium,unknown,24.3069,93.125,0.0,India,Mizoram
7727,08/20/2015 06:00:00 PM,landslide,continuous_rain,medium,below_road,25.6263,94.1057,0.0,India,Nagaland
7160,07/11/2015 12:00:00 AM,landslide,continuous_rain,medium,above_road,30.3799,78.4862,0.0,India,Uttarakhand
2049,07/07/2010 12:00:00 AM,landslide,downpour,medium,unknown,31.5041,77.9521,0.0,India,Himachal Pradesh
7305,08/01/2015 03:15:00 PM,rock_fall,continuous_rain,medium,above_road,18.7687,73.3679,0.0,India,Maharashtra
1946,06/05/2010 12:00:00 AM,landslide,downpour,medium,unknown,34.0901,74.0256,0.0,India,Kashmir
7334,08/18/2015 12:00:00 AM,landslide,unknown,medium,unknown,28.1737,94.7596,1.0,India,Arunachal Pradesh
492,04/05/2008 12:00:00 AM,landslide,rain,medium,unknown,33.9337,74.9985,,India,Kashmir
6200,08/17/2014 12:00:00 AM,landslide,downpour,large,unknown,27.0869,93.6086,0.0,India,Arunachal Pradesh
4090,12/10/2011 12:00:00 AM,landslide,downpour,medium,unknown,29.913,79.3532,0.0,India,Uttarakhand
9617,10/15/2016 12:00:00 AM,landslide,unknown,medium,above_road,26.888,88.2796,0.0,India,West Bengal
1172,09/19/2009 12:00:00 AM,landslide,downpour,medium,unknown,11.2695,76.2227,,India,Kerala
9415,08/03/2016 09:00:00 AM,landslide,downpour,medium,above_road,18.3978,73.5086,0.0,India,Maharashtra
7778,08/26/2015 12:00:00 AM,mudslide,continuous_rain,medium,above_road,23.8447,93.0514,0.0,India,Mizoram
3914,08/12/2011 12:00:00 AM,landslide,rain,large,unknown,28.8665,79.5682,11.0,India,Uttarakhand
2213,08/06/2010 12:30:00 AM,mudslide,downpour,very_large,unknown,34.1114,77.5874,0.0,India,Kashmir
5940,03/10/2014 12:00:00 AM,landslide,snowfall_snowmelt,medium,above_road,33.2359,75.2439,0.0,India,Kashmir
6263,09/26/2014 12:00:00 AM,landslide,continuous_rain,medium,unknown,33.0365,74.4889,0.0,India,Kashmir
6290,09/23/2014 03:00:00 AM,landslide,continuous_rain,small,urban,25.5772,91.8666,8.0,India,Meghalaya
4019,10/17/2011 12:00:00 AM,landslide,downpour,medium,unknown,9.9903,76.7898,1.0,India,Kerala
2145,07/26/2010 12:00:00 AM,landslide,downpour,medium,above_road,16.94057232,73.46476377,,India,Maharashtra
4408,06/13/2012 12:00:00 AM,landslide,downpour,medium,unknown,25.5498,92.0757,,India,Meghālaya
1110,08/20/2009 08:30:00 PM,landslide,continuous_rain,medium,urban,26.88405686,88.28087032,,India,Bengal
4403,06/10/2012 12:00:00 AM,landslide,downpour,very_large,unknown,24.8142,93.5444,,India,Manipur
5429,09/01/2013 06:00:00 PM,landslide,downpour,medium,unknown,27.3425,88.2426,5.0,India,Sikkim
8922,11/07/2015 12:00:00 AM,rock_fall,unknown,small,above_road,11.3237,76.9101,0.0,India,Tamil Nadu
2459,09/19/2010 12:00:00 AM,landslide,downpour,medium,unknown,29.5477,79.3211,0.0,India,Uttarakhand
2091,07/17/2010 12:00:00 AM,landslide,downpour,medium,unknown,30.6358,77.5435,0.0,India,Himachal Pradesh
2140,07/25/2010 12:00:00 AM,landslide,downpour,medium,unknown,25.0477,92.801,0.0,India,Assam
2243,08/13/2010 12:00:00 AM,landslide,downpour,medium,mine,25.70223725,94.04619681,0.0,India,Nāgāland
9074,07/20/2016 12:00:00 AM,landslide,downpour,large,natural_slope,27.1176,88.1069,3.0,India,West Bengal
4515,08/24/2012 12:00:00 AM,landslide,downpour,medium,unknown,30.7395,77.2847,,India,Himachal Pradesh
4202,02/16/2012 12:00:00 AM,landslide,downpour,medium,unknown,32.5655,76.1201,2.0,India,Himachal Pradesh
6804,02/26/2015 12:00:00 AM,landslide,unknown,medium,above_road,33.3376,75.1922,2.0,India,Kashmir
9142,06/14/2016 08:00:00 AM,landslide,continuous_rain,medium,retaining_wall,26.3185,94.5247,0.0,India,Nagaland
7994,09/07/2015 12:00:00 AM,landslide,unknown,medium,unknown,11.81,78.2253,2.0,India,Tamil Nadu
5943,03/11/2014 12:00:00 AM,landslide,continuous_rain,large,above_road,34.0823,74.056,0.0,India,Kashmir
4916,06/12/2013 12:00:00 AM,landslide,downpour,medium,unknown,32.2108,76.2833,0.0,India,Himachal Pradesh
6107,06/26/2014 11:00:00 PM,landslide,continuous_rain,small,unknown,26.1844,91.7896,1.0,India,Assam
6569,08/28/2011 12:00:00 AM,landslide,continuous_rain,medium,unknown,19.1355,72.9981,2.0,India,Maharashtra
7026,05/30/2015 12:00:00 AM,landslide,rain,small,above_road,34.2607,75.4446,0.0,India,Kashmir
7295,07/24/2015 12:00:00 AM,landslide,continuous_rain,small,above_road,30.4517,78.1443,0.0,India,Uttarakhand
4926,06/16/2013 12:00:00 AM,landslide,rain,medium,unknown,30.6738,77.3544,0.0,India,Himachal Pradesh
255,09/10/2007 12:00:00 AM,landslide,rain,medium,unknown,24.2451,94.0691,,India,Manipur
6567,08/27/2011 12:00:00 AM,landslide,downpour,medium,above_road,32.5764,75.8466,0.0,India,Kashmir
4423,06/20/2012 05:45:00 PM,landslide,downpour,large,unknown,20.855,77.7274,3.0,India,Maharashtra
2211,08/06/2010 12:30:00 AM,landslide,downpour,large,unknown,34.3061,77.3265,0.0,India,Kashmir
4447,07/05/2012 12:00:00 AM,landslide,downpour,medium,unknown,31.1066,77.209,,India,Himachal Pradesh
7660,08/12/2015 12:00:00 AM,mudslide,continuous_rain,medium,below_road,25.6237,94.1136,0.0,India,Nagaland
1475,02/06/2010 12:00:00 AM,landslide,downpour,medium,unknown,33.1595,75.8011,,India,Kashmir
7037,07/01/2015 12:00:00 AM,landslide,downpour,medium,unknown,26.8811,88.2779,0.0,India,West Bengal
102,06/25/2007 12:00:00 AM,landslide,rain,medium,unknown,15.8294,78.0501,,India,Andhra Pradesh
6188,08/02/2014 09:00:00 AM,landslide,continuous_rain,small,above_road,9.9431,76.3738,0.0,India,Kerala
1884,05/20/2010 11:00:00 PM,landslide,tropical_cyclone,medium,unknown,16.5121,80.6296,4.0,India,Andhra Pradesh
4556,09/16/2012 12:00:00 AM,landslide,downpour,medium,unknown,27.1675,88.3651,,India,Sikkim
8744,06/21/2016 12:00:00 AM,landslide,downpour,medium,above_road,32.99,75.1892,0.0,India,Kashmir
4487,08/17/2012 12:00:00 AM,landslide,downpour,medium,unknown,30.6179,78.3233,,India,Uttarakhand
3251,03/19/2011 12:00:00 AM,landslide,downpour,medium,above_road,33.3390327,75.1916877,,India,Kashmir
697,08/08/2008 12:00:00 AM,landslide,rain,medium,unknown,31.13,77.09,,India,Himachal Pradesh
3611,06/14/2011 12:00:00 AM,landslide,downpour,medium,unknown,32.3709,77.2466,0.0,India,Himachal Pradesh
7389,08/01/2015 12:00:00 AM,landslide,continuous_rain,medium,above_road,24.4072,94.0644,0.0,India,Manipur
5068,07/10/2013 04:30:00 AM,landslide,rain,medium,unknown,30.3629,79.2143,7.0,India,Uttarakhand
2437,09/16/2010 12:00:00 AM,landslide,downpour,medium,unknown,23.7527,92.694,0.0,India,Mizoram
2648,10/22/2010 12:00:00 AM,landslide,downpour,medium,unknown,33.0107,74.9397,1.0,India,Kashmir
4924,06/16/2013 07:30:00 PM,debris_flow,downpour,very_large,unknown,30.7351,79.0666,5000.0,India,Uttarakhand
731,08/19/2008 12:00:00 AM,mudslide,downpour,medium,unknown,26.138,94.25,4.0,India,Nāgāland
2234,08/11/2010 05:00:00 AM,landslide,downpour,medium,unknown,31.958,77.1104,0.0,India,Himachal Pradesh
6237,10/09/2014 12:00:00 AM,debris_flow,flooding,medium,above_river,10.9654,76.5516,0.0,India,Kerala
7371,08/01/2015 12:00:00 AM,landslide,continuous_rain,medium,unknown,23.9939,94.0573,0.0,India,Manipur
7923,09/01/2015 12:00:00 AM,landslide,rain,medium,unknown,26.49349035,91.72137514,2.0,India,Assam
8893,10/31/2015 12:00:00 AM,landslide,downpour,small,above_road,11.3742,77.899,0.0,India,Tamil Nadu
9020,07/17/2016 09:00:00 AM,mudslide,downpour,medium,above_road,29.9551,78.1677,0.0,India,Uttarakhand
4557,09/16/2012 12:00:00 AM,landslide,downpour,medium,unknown,33.303,77.8876,,India,Kashmir
3839,07/25/2011 08:00:00 AM,landslide,downpour,medium,unknown,32.1896,77.187,0.0,India,Himachal Pradesh
4489,08/17/2012 12:00:00 AM,landslide,downpour,medium,unknown,9.8232,77.1498,,India,Tamil Nadu
760,08/29/2008 12:00:00 AM,complex,downpour,medium,unknown,25.67,94.1066,,India,Nāgāland
2368,08/31/2010 09:00:00 AM,landslide,downpour,medium,unknown,16.5157,80.6525,0.0,India,Andhra Pradesh
1384,01/03/2010 02:00:00 AM,landslide,downpour,medium,unknown,33.0289,74.9489,0.0,India,Kashmir
1153,09/10/2009 12:00:00 AM,landslide,downpour,medium,unknown,31.8833,78.6167,,India,Himachal Pradesh
5281,08/05/2013 12:00:00 AM,landslide,unknown,medium,unknown,10.0486,76.7606,0.0,India,Kerala
2212,08/06/2010 12:30:00 AM,landslide,downpour,large,unknown,34.1482,77.5971,0.0,India,Kashmir
4590,10/21/2012 09:00:00 AM,landslide,rain,medium,unknown,11.338,76.8806,,India,Tamil Nadu
2182,07/31/2010 09:00:00 AM,landslide,rain,medium,unknown,24.9356,93.8443,0.0,India,Manipur
2462,09/19/2010 12:00:00 AM,landslide,downpour,medium,unknown,30.9086,77.1103,0.0,India,Himachal Pradesh
3632,06/20/2011 08:30:00 PM,landslide,rain,medium,unknown,27.0638,88.4659,0.0,India,Bengal
4947,06/18/2013 10:30:00 AM,landslide,continuous_rain,medium,unknown,19.0811,73.0226,3.0,India,Maharashtra
9507,10/03/2016 11:00:00 AM,landslide,construction,medium,above_road,30.8974,77.0588,0.0,India,Himachal Pradesh
4979,06/25/2013 10:15:00 AM,mudslide,monsoon,medium,unknown,16.9214,73.593,0.0,India,Maharashtra
2048,07/07/2010 12:00:00 AM,landslide,downpour,medium,unknown,32.6598,76.853,0.0,India,Himachal Pradesh
7311,08/15/2015 12:00:00 AM,landslide,continuous_rain,medium,above_road,30.6494,79.5269,0.0,India,Uttarakhand
5013,07/02/2013 11:00:00 PM,landslide,downpour,medium,unknown,31.0722,77.1402,0.0,India,Himachal Pradesh
5331,08/14/2013 12:00:00 AM,landslide,downpour,medium,unknown,33.0498,74.6264,,India,Kashmir
1954,06/07/2010 12:00:00 AM,landslide,rain,medium,unknown,24.7543,93.5039,0.0,India,Manipur
3951,08/29/2011 12:30:00 PM,landslide,downpour,medium,retaining_wall,18.9774,72.8102,1.0,India,Maharashtra
2198,08/04/2010 12:00:00 AM,landslide,downpour,medium,unknown,32.7571,77.4138,0.0,India,Himachal Pradesh
7636,08/09/2015 01:00:00 PM,landslide,downpour,medium,above_road,33.3852,74.2562,0.0,India,Kashmir
942,12/21/2008 12:00:00 AM,rock_fall,unknown,medium,unknown,30.895,77.089,1.0,India,Himachal Pradesh
6963,06/19/2015 12:00:00 AM,landslide,rain,medium,natural_slope,23.7131,92.7362,0.0,India,Mizoram
797,09/19/2008 12:00:00 AM,landslide,downpour,large,unknown,31.1,77.1645,38.0,India,Himachal Pradesh
5336,08/16/2013 12:00:00 AM,landslide,rain,medium,unknown,26.3897,94.9439,,India,Nāgāland
5214,07/27/2013 12:00:00 AM,landslide,mining,medium,unknown,31.8931,78.63,,India,Himachal Pradesh
5024,07/04/2013 12:00:00 AM,landslide,continuous_rain,medium,unknown,30.1719,80.8576,,India,Uttarakhand
2119,07/22/2010 12:00:00 AM,landslide,downpour,medium,unknown,16.5676,73.6608,0.0,India,Maharashtra
2267,08/18/2010 04:30:00 AM,landslide,downpour,medium,unknown,17.0661,73.5027,0.0,India,Maharashtra
7286,07/26/2015 12:00:00 AM,landslide,continuous_rain,small,above_road,31.1003,77.1751,0.0,India,Himachal Pradesh
7704,08/20/2015 12:00:00 AM,landslide,unknown,medium,unknown,32.6175,75.6157,0.0,India,Kashmir
7590,08/19/2015 12:00:00 AM,landslide,rain,small,unknown,25.1416,92.3807,0.0,India,Meghalaya
7391,08/01/2015 12:00:00 AM,rock_fall,continuous_rain,medium,above_road,31.0358,78.8578,0.0,India,Uttarakhand
7227,07/19/2015 03:00:00 PM,rock_fall,monsoon,small,natural_slope,30.0705,80.2364,1.0,India,Uttarakhand
1222,10/05/2009 12:00:00 AM,landslide,downpour,medium,urban,23.73478778,92.72124394,3.0,India,Mizoram
8222,06/22/2016 12:00:00 PM,mudslide,downpour,medium,natural_slope,26.1961,91.7825,1.0,India,Assam
7706,08/19/2015 12:00:00 AM,landslide,rain,medium,above_road,25.0728,92.3636,0.0,India,Meghalaya
3756,07/10/2011 12:00:00 AM,landslide,downpour,medium,unknown,31.7099,76.933,0.0,India,Himachal Pradesh
9215,01/14/2016 05:15:00 AM,rock_fall,unknown,medium,above_road,27.1758,88.5294,1.0,India,West Bengal
7195,07/12/2015 12:00:00 AM,landslide,continuous_rain,small,above_road,33.2504,75.2102,1.0,India,Kashmir
4528,09/01/2012 04:30:00 AM,landslide,downpour,medium,unknown,15.3826,73.9239,,India,Goa
2246,08/14/2010 12:00:00 AM,landslide,downpour,medium,unknown,30.9012,77.0958,2.0,India,Himachal Pradesh
6024,05/14/2014 12:00:00 AM,landslide,rain,small,unknown,33.2394,75.2405,2.0,India,Kashmir
9620,10/15/2016 12:00:00 AM,landslide,downpour,medium,above_road,27.172,88.5292,0.0,India,Sikkim
4396,06/08/2012 12:00:00 AM,landslide,downpour,medium,unknown,34.1534,77.5768,,India,Kashmir
7248,07/18/2015 05:30:00 PM,mudslide,continuous_rain,medium,natural_slope,24.0406,84.0696,0.0,India,Jharkhand
4550,09/14/2012 08:00:00 AM,landslide,downpour,very_large,unknown,30.2853,78.9829,19.0,India,Uttarakhand
3376,04/17/2011 12:00:00 AM,landslide,downpour,medium,unknown,33.1488,75.5526,5.0,India,Kashmir
9490,08/29/2016 11:00:00 PM,rock_fall,continuous_rain,medium,above_road,31.5728,77.8561,0.0,India,Himachal Pradesh
6011,05/04/2014 12:00:00 AM,landslide,rain,small,above_road,11.3403,76.8267,0.0,India,Tamil Nadu
7275,07/24/2015 12:00:00 AM,landslide,continuous_rain,medium,unknown,34.258,75.4189,0.0,India,Kashmir
5611,10/18/2013 09:00:00 AM,landslide,rain,medium,unknown,30.5345,79.0853,0.0,India,Uttarakhand
5244,08/01/2013 08:00:00 PM,landslide,downpour,medium,unknown,34.4332,76.2851,,India,Kashmir
2338,08/26/2010 09:00:00 AM,complex,downpour,medium,unknown,16.5141,80.6053,0.0,India,Andhra Pradesh
8224,09/14/2015 01:30:00 AM,landslide,downpour,medium,above_road,23.7313,92.7187,0.0,India,Mizoram
2495,09/24/2010 01:00:00 AM,landslide,downpour,medium,unknown,9.8988,76.3902,0.0,India,Kerala
614,06/29/2008 12:00:00 AM,landslide,unknown,medium,unknown,26.89,88.28,,India,Bengal
2414,09/11/2010 04:00:00 PM,landslide,downpour,medium,unknown,30.7059,76.9844,0.0,India,Haryana
540,05/18/2008 12:00:00 AM,landslide,mining,medium,unknown,19.5178,83.1809,5.0,India,Orissa
9380,04/04/2016 12:00:00 AM,landslide,continuous_rain,small,above_river,34.4002,74.2798,0.0,India,Kashmir
242,09/07/2007 12:00:00 AM,landslide,rain,medium,unknown,26.8833,88.2833,,India,Bengal
5240,07/31/2013 08:00:00 AM,landslide,downpour,medium,unknown,30.3822,78.0949,4.0,India,Uttarakhand
6889,03/15/2015 12:00:00 AM,landslide,continuous_rain,medium,unknown,34.0786,74.3836,0.0,India,Kashmir
3889,08/07/2011 07:00:00 AM,landslide,downpour,medium,unknown,31.7083,76.9316,0.0,India,Himachal Pradesh
6525,08/18/2014 12:00:00 AM,landslide,downpour,medium,above_road,30.9936,78.4594,0.0,India,Uttarakhand
1209,10/02/2009 12:00:00 AM,landslide,downpour,medium,unknown,14.7395,74.2566,,India,Karnataka
5189,07/25/2013 05:00:00 AM,rock_fall,downpour,medium,unknown,19.3379,73.7767,,India,Maharashtra
4241,03/04/2012 12:00:00 AM,landslide,unknown,medium,unknown,25.1604,93.6795,0.0,India,Manipur
609,06/25/2008 12:00:00 AM,landslide,downpour,medium,unknown,11.41,76.69,,India,Tamil Nadu
5054,07/07/2013 12:00:00 AM,landslide,downpour,small,unknown,31.7018,76.9424,,India,Himachal Pradesh
755,08/28/2008 12:00:00 AM,landslide,downpour,medium,unknown,27.337,88.609,,India,Sikkim
1756,04/17/2010 12:00:00 AM,landslide,downpour,small,unknown,27.322,88.6087,0.0,India,Sikkim
1930,05/31/2010 12:00:00 AM,landslide,downpour,medium,unknown,28.4298,95.8776,0.0,India,Arunāchal Pradesh
8745,06/21/2016 09:00:00 AM,landslide,downpour,small,above_road,19.19,73.009,0.0,India,Maharashtra
9334,05/18/2016 08:00:00 AM,landslide,continuous_rain,unknown,unknown,24.5204,92.7264,2.0,India,Assam
8237,07/01/2016 12:00:00 AM,landslide,downpour,large,unknown,27.0136,92.6351,5.0,India,Arunachal Pradesh
3747,07/08/2011 12:00:00 AM,landslide,rain,medium,unknown,32.3237,77.1935,0.0,India,Himachal Pradesh
5323,08/13/2013 12:00:00 AM,landslide,downpour,medium,unknown,34.2601,75.4466,,India,Kashmir
6972,06/12/2015 11:15:00 AM,landslide,downpour,small,above_road,19.1209,72.8406,0.0,India,Maharashtra
4385,06/03/2012 12:00:00 AM,landslide,downpour,medium,unknown,27.7167,88.5577,,India,
4950,06/18/2013 08:00:00 AM,landslide,rain,medium,unknown,12.8446,75.2476,4.0,India,Karnataka
3565,06/02/2011 12:00:00 AM,landslide,downpour,medium,unknown,9.8306,76.9408,0.0,India,Kerala
585,06/14/2008 12:00:00 AM,landslide,rain,large,unknown,27.0998,93.6287,21.0,India,Arunāchal Pradesh
2041,07/06/2010 12:00:00 AM,landslide,downpour,medium,unknown,30.2485,78.8847,0.0,India,Uttarakhand
6174,07/22/2014 05:30:00 AM,landslide,rain,small,above_road,33.2395,75.2406,0.0,India,Kashmir
4859,05/11/2013 12:00:00 AM,landslide,rain,medium,unknown,26.1771,91.7599,,India,Assam
6307,10/12/2014 12:00:00 AM,landslide,tropical_cyclone,medium,unknown,19.1008,84.0502,0.0,India,Odisha
2536,10/03/2010 07:00:00 PM,landslide,unknown,medium,unknown,12.7796,75.5844,0.0,India,Karnataka
7613,08/08/2015 12:00:00 AM,landslide,downpour,medium,above_road,32.9961,75.1994,0.0,India,Kashmir
4436,06/25/2012 12:00:00 AM,landslide,downpour,medium,unknown,26.9986,95.4993,,India,Arunāchal Pradesh
3916,08/13/2011 08:00:00 AM,mudslide,downpour,medium,unknown,25.7713,93.8067,0.0,India,Assam
7034,06/30/2015 12:00:00 AM,landslide,downpour,medium,unknown,27.0875,88.6556,1.0,India,West Bengal
150,07/30/2007 12:00:00 AM,landslide,downpour,medium,unknown,30.4,79.349,,India,Uttarakhand
5377,08/19/2013 12:00:00 AM,landslide,tropical_cyclone,medium,unknown,34.0942,74.0226,2.0,India,Kashmir
7628,08/09/2015 12:00:00 AM,rock_fall,rain,small,above_road,31.6916,76.5102,0.0,India,Himachal Pradesh
5250,08/01/2013 12:00:00 AM,mudslide,rain,medium,unknown,27.8837,93.0515,,India,Arunachal Pradesh
173,08/11/2007 12:00:00 AM,landslide,rain,medium,unknown,30.0702,78.3027,,India,Uttarakhand
3805,07/19/2011 12:00:00 AM,landslide,rain,medium,above_road,27.05374234,88.42572376,0.0,India,Sikkim
2471,09/19/2010 12:00:00 AM,landslide,downpour,medium,unknown,29.7911,80.058,0.0,India,Uttarakhand
7171,03/30/2015 12:00:00 AM,landslide,continuous_rain,medium,unknown,33.9445,74.799,16.0,India,Kashmir
2488,09/22/2010 12:00:00 AM,landslide,downpour,medium,unknown,31.0215,77.1038,0.0,India,Himachal Pradesh
3666,06/29/2011 12:00:00 AM,landslide,continuous_rain,medium,unknown,32.4318,77.2147,0.0,India,Himachal Pradesh
9144,12/29/2015 12:00:00 AM,complex,construction,medium,above_road,31.46626719,76.86927482,0.0,India,Himachal Pradesh
8988,12/07/2015 12:00:00 AM,landslide,rain,medium,above_road,10.2288,77.4767,0.0,India,Tamil Nadu
3738,07/06/2011 12:00:00 AM,landslide,downpour,medium,unknown,24.8063,93.9482,6.0,India,Manipur
240,09/07/2007 12:00:00 AM,landslide,rain,medium,unknown,15.5063,73.8362,8.0,India,Goa
3629,06/19/2011 12:00:00 AM,landslide,downpour,medium,mine,15.2932,74.1447,0.0,India,Goa
804,09/22/2008 12:00:00 AM,landslide,rain,medium,unknown,30.7,77.08,,India,Haryana
3891,08/07/2011 12:00:00 AM,landslide,downpour,medium,unknown,33.4406,75.1996,0.0,India,Kashmir
2426,09/13/2010 12:00:00 AM,landslide,downpour,medium,unknown,22.7176,92.8416,0.0,India,Mizoram
1084,08/12/2009 12:00:00 AM,landslide,downpour,medium,unknown,27.7,92.8,0.0,India,Arunāchal Pradesh
7266,07/22/2015 12:00:00 AM,landslide,continuous_rain,medium,above_road,25.5098,93.8794,0.0,India,Manipur
7292,07/27/2015 09:30:00 AM,mudslide,mining,small,urban,11.8348,75.4856,2.0,India,Kerala
101,06/25/2007 12:00:00 AM,landslide,monsoon,large,unknown,11.7095,76.074,4.0,India,Kerala
1129,08/30/2009 12:00:00 AM,landslide,downpour,medium,unknown,24.8628,94.4182,,India,Manipur
2453,09/19/2010 06:00:00 PM,landslide,downpour,medium,unknown,29.6131,79.494,0.0,India,Uttarakhand
4536,09/04/2012 09:00:00 AM,landslide,downpour,medium,unknown,19.6241,72.9084,,India,Maharashtra
2166,07/29/2010 12:00:00 AM,landslide,downpour,medium,unknown,24.9786,93.5027,0.0,India,Assam
213,08/26/2007 12:00:00 AM,landslide,rain,medium,unknown,25.2946,92.8339,,India,Assam
5327,08/14/2013 12:00:00 AM,landslide,downpour,medium,unknown,33.4431,75.1915,,India,Kashmir
7274,07/25/2015 12:00:00 AM,landslide,downpour,small,unknown,15.3904,73.8182,0.0,India,Goa
5252,08/02/2013 04:30:00 AM,landslide,continuous_rain,medium,unknown,32.5282,75.1199,0.0,India,Kashmir
1871,05/17/2010 12:00:00 AM,landslide,downpour,medium,unknown,34.3951,75.6233,0.0,India,Kashmir
9178,07/23/2016 11:00:00 PM,rock_fall,downpour,medium,above_road,16.0781,78.8743,0.0,India,Andhra Pradesh
5583,10/06/2013 04:30:00 PM,landslide,downpour,medium,unknown,15.6365,74.1158,0.0,India,
178,08/12/2007 12:00:00 AM,landslide,rain,large,unknown,32.0985,76.2665,2.0,India,Himachal Pradesh
4426,06/22/2012 12:00:00 AM,landslide,downpour,medium,unknown,26.1226,91.7162,3.0,India,Assam
8366,09/23/2015 03:00:00 PM,landslide,downpour,medium,natural_slope,25.583,91.893,2.0,India,Meghalaya
9048,07/17/2016 12:00:00 AM,landslide,unknown,small,above_road,31.5007,78.1758,1.0,India,Himachal Pradesh
3829,07/22/2011 12:00:00 AM,landslide,downpour,small,unknown,16.1078,73.7167,0.0,India,Maharashtra
7309,08/15/2015 12:00:00 AM,landslide,continuous_rain,medium,above_road,30.7864,78.616,0.0,India,Uttarakhand
5047,07/07/2013 03:00:00 AM,landslide,downpour,medium,unknown,31.8795,76.9161,,India,Himachal Pradesh
1934,06/03/2010 05:00:00 AM,landslide,downpour,medium,unknown,24.6005,92.3814,2.0,India,Assam
3342,04/06/2011 12:00:00 AM,landslide,downpour,medium,unknown,34.2101,74.3445,0.0,India,Kashmir
6162,07/19/2014 05:00:00 AM,landslide,rain,small,above_road,30.4305,78.0803,0.0,India,Uttarakhand
5139,07/19/2013 12:00:00 AM,landslide,downpour,medium,unknown,30.0718,80.2369,0.0,India,Uttarakhand
146,07/30/2007 12:00:00 AM,landslide,downpour,medium,unknown,30.733,78.439,2.0,India,Uttarakhand
7655,04/22/2016 02:30:00 AM,landslide,continuous_rain,medium,above_road,27.5799,91.8569,17.0,India,Arunachal Pradesh
234,09/05/2007 12:00:00 AM,landslide,rain,medium,unknown,33.1662,75.3098,,India,Kashmir
5265,08/04/2013 12:00:00 AM,landslide,continuous_rain,very_large,unknown,9.9147,77.011,3.0,India,Kerala
9464,08/05/2016 12:00:00 AM,landslide,downpour,medium,unknown,27.5754,91.9754,0.0,India,Arunachal Pradesh
104,06/25/2007 12:00:00 AM,landslide,rain,medium,unknown,16.6252,80.6128,,India,Andhra Pradesh
3912,08/12/2011 12:00:00 AM,landslide,rain,medium,unknown,27.44,92.2833,0.0,India,Arunāchal Pradesh
5195,07/25/2013 12:00:00 AM,landslide,continuous_rain,medium,unknown,30.4041,79.3276,,India,Uttarakhand
5272,08/04/2013 12:00:00 AM,landslide,monsoon,medium,unknown,26.2083,94.5438,,India,Nāgāland
6890,03/15/2015 12:00:00 AM,landslide,continuous_rain,medium,unknown,34.0968,74.4117,0.0,India,Kashmir
9006,07/16/2016 03:00:00 PM,landslide,construction,small,above_road,12.8962,74.8859,0.0,India,Karnataka
580,06/09/2008 12:00:00 AM,landslide,monsoon,medium,unknown,24.6596,93.9784,,India,Manipur
5074,07/10/2013 12:00:00 AM,landslide,downpour,medium,unknown,19.0263,72.8676,2.0,India,Maharashtra
5575,10/05/2013 11:00:00 PM,mudslide,continuous_rain,medium,unknown,25.8266,94.1497,0.0,India,Nāgāland
2105,07/20/2010 06:00:00 PM,landslide,downpour,medium,unknown,29.3576,79.5519,1.0,India,Uttarakhand
5036,07/05/2013 11:00:00 PM,landslide,downpour,medium,unknown,33.0852,74.8799,1.0,India,Kashmir
8996,07/14/2016 12:00:00 AM,landslide,monsoon,small,natural_slope,26.1768,91.7702,1.0,India,Assam
1613,04/02/2010 11:00:00 PM,mudslide,downpour,large,unknown,27.8997,93.3497,12.0,India,Arunāchal Pradesh
7138,07/07/2015 12:00:00 AM,landslide,continuous_rain,small,above_road,27.0816,88.4397,0.0,India,Sikkim
5341,08/17/2013 03:00:00 PM,landslide,downpour,medium,unknown,15.5419,73.9214,0.0,India,Goa
5333,08/14/2013 12:00:00 AM,landslide,downpour,medium,unknown,33.7706,74.0967,3.0,India,Kashmir
4484,08/17/2012 12:00:00 AM,landslide,downpour,medium,unknown,9.6991,76.8168,,India,Kerala
3380,04/19/2011 12:00:00 AM,landslide,downpour,medium,unknown,33.5808,74.9035,0.0,India,Kashmir
6730,12/31/2014 12:00:00 AM,landslide,unknown,large,natural_slope,33.287,77.2853,0.0,India,Kashmir
2596,10/14/2010 07:30:00 PM,landslide,rain,medium,unknown,31.5158,78.2619,,India,Himachal Pradesh
8998,07/13/2016 11:00:00 PM,mudslide,monsoon,medium,unknown,26.3221,80.4703,2.0,India,Uttar Pradesh
3097,02/07/2011 12:00:00 AM,landslide,downpour,medium,above_road,33.35406635,75.17240669,,India,Kashmir
4592,10/22/2012 09:00:00 AM,landslide,rain,medium,unknown,10.077,76.322,,India,Kerala
4857,05/11/2013 09:00:00 AM,landslide,rain,large,unknown,23.7281,92.7175,15.0,India,Mizoram
2538,10/03/2010 12:00:00 AM,landslide,continuous_rain,medium,unknown,30.9141,76.818,0.0,India,Himachal Pradesh
5652,11/20/2013 11:30:00 PM,landslide,unknown,medium,unknown,20.0014,73.7917,0.0,India,Maharashtra
6945,06/19/2015 12:00:00 AM,landslide,monsoon,medium,above_road,25.16,93.686,0.0,India,Manipur
6177,07/23/2014 11:30:00 PM,landslide,continuous_rain,small,above_road,29.1585,79.1464,2.0,India,Uttarakhand
5330,08/14/2013 12:00:00 AM,landslide,downpour,medium,unknown,33.3216,75.1984,,India,Kashmir
2242,08/13/2010 12:00:00 AM,landslide,rain,medium,unknown,30.8522,76.991,0.0,India,Himachal Pradesh
1857,05/11/2010 09:00:00 AM,landslide,downpour,medium,unknown,25.3433,92.2897,0.0,India,Meghālaya
2743,11/22/2010 12:00:00 AM,landslide,unknown,medium,natural_slope,27.5798729,91.85672387,,India,Arunāchal Pradesh
4507,08/22/2012 12:00:00 AM,landslide,downpour,medium,unknown,33.2412,75.2382,,India,Kashmir
9409,04/13/2016 01:00:00 PM,mudslide,construction,small,unknown,11.3464,76.8076,1.0,India,Tamil Nadu
6734,01/29/2015 10:00:00 AM,mudslide,unknown,small,mine,28.5714,77.2135,1.0,India,NCT
4860,05/11/2013 12:00:00 AM,landslide,rain,medium,unknown,26.1016,91.6906,,India,Assam
4845,05/07/2013 12:00:00 AM,mudslide,rain,medium,unknown,24.2315,92.6755,,India,Mizoram
7363,06/30/2015 11:00:00 PM,landslide,downpour,medium,unknown,26.8843,88.1835,19.0,India,West Bengal
1770,04/20/2010 12:00:00 AM,landslide,downpour,medium,unknown,26.1965,91.763,0.0,India,Assam
7961,09/05/2015 12:00:00 AM,landslide,unknown,medium,unknown,25.4551,84.5322,1.0,India,Bihar
4925,06/16/2013 12:00:00 AM,landslide,rain,medium,unknown,31.4551,78.1996,0.0,India,Himachal Pradesh
103,06/25/2007 12:00:00 AM,landslide,rain,medium,unknown,14.4702,78.8205,,India,Andhra Pradesh
6184,07/28/2014 12:00:00 AM,landslide,continuous_rain,medium,unknown,29.5829,80.2182,7.0,India,Uttarakhand
488,03/30/2008 12:00:00 AM,landslide,rain,medium,unknown,34.219,77.2665,2.0,India,Kashmir
3947,08/27/2011 12:00:00 AM,landslide,downpour,medium,unknown,28.6809,77.1958,1.0,India,NCT
2290,08/20/2010 12:00:00 AM,landslide,downpour,medium,unknown,30.6509,79.0264,0.0,India,Uttarakhand
7728,08/22/2015 09:00:00 AM,landslide,continuous_rain,medium,above_road,26.1028,91.8806,0.0,India,Assam
3373,04/17/2011 03:00:00 PM,landslide,downpour,medium,unknown,33.3645,75.1999,0.0,India,Kashmir
97,06/25/2007 12:00:00 AM,landslide,rain,medium,unknown,16.9648,73.5189,18.0,India,Maharashtra
5287,08/06/2013 07:00:00 AM,landslide,downpour,medium,unknown,32.8363,75.1489,0.0,India,Kashmir
8916,07/10/2016 08:30:00 AM,landslide,unknown,medium,above_road,19.34,73.7746,1.0,India,Maharashtra
5334,08/15/2013 11:00:00 PM,landslide,downpour,medium,unknown,32.3573,77.3052,,India,Himachal Pradesh
7285,07/26/2015 12:00:00 AM,landslide,continuous_rain,medium,unknown,31.1263,77.3525,3.0,India,Himachal Pradesh
5346,08/17/2013 12:00:00 AM,landslide,rain,medium,unknown,31.0343,78.7248,,India,Uttarakhand
3908,08/11/2011 04:30:00 AM,landslide,rain,medium,unknown,32.737,74.876,1.0,India,Kashmir
7198,07/14/2015 12:00:00 AM,landslide,continuous_rain,small,other,12.8747,74.9566,3.0,India,Karnataka
3807,07/19/2011 12:00:00 AM,landslide,rain,medium,unknown,33.6917,76.0412,3.0,India,Kashmir
7950,09/06/2015 07:10:00 AM,rock_fall,unknown,medium,above_road,11.404,76.6952,0.0,India,Tamil Nadu
5079,07/11/2013 12:00:00 AM,mudslide,continuous_rain,medium,unknown,26.9734,87.3412,0.0,India,Jharkhand
2180,07/31/2010 08:00:00 AM,landslide,downpour,medium,unknown,12.8715,74.8862,0.0,India,Karnataka
9426,03/26/2016 12:00:00 AM,landslide,continuous_rain,medium,above_road,33.04965334,75.29048614,5.0,India,Kashmir
7366,07/31/2015 06:00:00 PM,debris_flow,continuous_rain,medium,deforested_slope,32.2241,76.3374,0.0,India,Himachal Pradesh
5274,08/04/2013 12:00:00 AM,landslide,rain,medium,unknown,26.0838,94.564,,India,Nāgāland
2207,08/06/2010 12:30:00 AM,landslide,downpour,large,unknown,34.1481,77.6538,11.0,India,Kashmir
7836,08/27/2015 12:00:00 AM,landslide,downpour,medium,above_road,24.042,92.6724,0.0,India,Mizoram
3673,06/29/2011 12:00:00 AM,landslide,downpour,medium,unknown,30.2416,78.8996,0.0,India,Uttarakhand
1315,11/20/2009 06:30:00 PM,landslide,construction,medium,unknown,23.0396,72.566,5.0,India,Gujarāt
451,02/13/2008 12:00:00 AM,landslide,rain,medium,unknown,11.3484,76.7937,,India,Tamil Nadu
2389,09/04/2010 12:00:00 AM,landslide,downpour,medium,unknown,30.5004,79.3888,0.0,India,Uttarakhand
3776,07/15/2011 06:00:00 PM,landslide,downpour,small,unknown,27.125,93.7145,0.0,India,Arunāchal Pradesh
4798,04/07/2013 12:00:00 AM,landslide,rain,medium,unknown,28.8254,96.1509,,India,Arunachal Pradesh
111,07/02/2007 12:00:00 AM,landslide,downpour,medium,unknown,33.2443135,75.22742083,,India,Kashmir
2138,07/25/2010 09:00:00 AM,landslide,downpour,medium,urban,31.0931,77.1675,2.0,India,Himachal Pradesh
7388,08/01/2015 12:00:00 AM,landslide,continuous_rain,medium,unknown,24.416,94.0984,0.0,India,Manipur
5421,08/30/2013 12:00:00 AM,mudslide,unknown,medium,unknown,26.4205,94.9731,,India,Nāgāland
6359,09/06/2014 12:00:00 AM,other,rain,medium,unknown,32.9148,75.0556,2.0,India,Kashmir
4513,08/24/2012 12:00:00 AM,landslide,downpour,medium,unknown,32.1002,76.2699,,India,Himachal Pradesh
452,02/13/2008 12:00:00 AM,landslide,rain,medium,unknown,33.2418,75.242,,India,Kashmir
1154,09/10/2009 12:00:00 AM,landslide,downpour,medium,unknown,32.4035,77.5796,,India,Himachal Pradesh
7249,07/13/2015 12:00:00 AM,mudslide,continuous_rain,small,natural_slope,31.0851,77.1665,0.0,India,Himachal Pradesh
5897,02/23/2014 06:00:00 PM,landslide,unknown,large,above_road,33.2359,75.244,2.0,India,Kashmir
2343,08/27/2010 04:30:00 PM,landslide,downpour,medium,unknown,25.4786,94.1327,0.0,India,Nāgāland
5617,10/25/2013 12:00:00 AM,landslide,rain,medium,unknown,16.5175,80.6117,0.0,India,Andhra Pradesh
3619,06/17/2011 07:30:00 PM,mudslide,rain,medium,unknown,27.4885,88.4451,0.0,India,
2208,08/06/2010 12:15:00 AM,landslide,downpour,large,unknown,34.2116,77.3504,182.0,India,Kashmir
3683,07/01/2011 12:00:00 AM,landslide,downpour,medium,unknown,25.8782,94.1739,0.0,India,Nāgāland
9619,10/15/2016 12:00:00 AM,landslide,rain,medium,above_road,27.1695,88.3664,0.0,India,Sikkim
6552,08/26/2014 12:00:00 AM,landslide,unknown,medium,unknown,31.5593,77.9277,2.0,India,Himachal Pradesh
7591,03/19/2015 12:00:00 AM,landslide,rain,small,unknown,25.0318,92.4584,0.0,India,Assam
1521,02/23/2010 12:00:00 AM,landslide,downpour,medium,unknown,30.383,78.5094,2.0,India,Uttarakhand
2047,07/07/2010 12:00:00 AM,landslide,downpour,medium,unknown,32.219,78.072,0.0,India,Himachal Pradesh
7110,04/30/2015 12:00:00 AM,landslide,continuous_rain,small,above_road,30.5568,79.5541,0.0,India,Uttarakhand
5441,09/02/2013 12:00:00 AM,landslide,downpour,large,unknown,28.611,94.9829,,India,Arunāchal Pradesh
9232,07/28/2016 11:00:00 PM,landslide,continuous_rain,medium,unknown,23.5397,93.3783,2.0,India,Mizoram
4555,09/15/2012 12:00:00 AM,landslide,downpour,medium,unknown,32.9295,75.1432,,India,Kashmir
4434,06/25/2012 06:00:00 PM,landslide,downpour,large,unknown,26.1049,91.7369,1.0,India,Assam
1090,08/16/2009 12:00:00 AM,landslide,downpour,medium,unknown,26.9599,88.268,2.0,India,Bengal
2162,07/29/2010 12:00:00 AM,landslide,downpour,medium,unknown,30.4054,79.3426,0.0,India,Uttarakhand
592,06/18/2008 12:00:00 AM,landslide,rain,medium,unknown,32.3712,77.2466,,India,Himachal Pradesh
4378,06/02/2012 12:00:00 AM,landslide,downpour,medium,unknown,28.8254,96.1517,,India,Arunachal Pradesh
7214,07/15/2015 08:00:00 AM,landslide,monsoon,medium,urban,27.36,93.0385,3.0,India,Arunachal Pradesh
2452,09/19/2010 09:00:00 AM,landslide,downpour,medium,unknown,30.1977,77.9137,0.0,India,Uttarakhand
6841,03/05/2015 12:00:00 AM,landslide,unknown,medium,unknown,33.1213,75.2449,0.0,India,Kashmir
5582,10/06/2013 12:45:00 PM,landslide,downpour,medium,unknown,26.1309,91.8383,1.0,India,Assam
2405,09/09/2010 11:00:00 PM,landslide,downpour,medium,unknown,28.3036,95.4112,10.0,India,Arunāchal Pradesh
785,09/10/2008 12:00:00 AM,rock_fall,rain,medium,unknown,15.323,73.974,,India,Goa
3556,05/31/2011 02:00:00 PM,landslide,continuous_rain,small,unknown,25.1555,93.8474,0.0,India,Manipur
4488,08/17/2012 12:00:00 AM,landslide,downpour,medium,unknown,9.5527,76.9299,,India,Kerala
5358,08/18/2013 12:00:00 AM,landslide,rain,medium,unknown,30.6639,78.0574,,India,Uttarakhand
2569,10/08/2010 12:00:00 AM,landslide,downpour,medium,unknown,25.2745,94.0212,0.0,India,Nāgāland
2423,09/13/2010 12:00:00 AM,landslide,downpour,medium,above_road,23.73504471,92.71060943,,India,Mizoram
3532,05/24/2011 12:00:00 AM,complex,downpour,medium,unknown,25.0888,92.8551,0.0,India,Assam
2345,08/27/2010 06:00:00 PM,landslide,downpour,medium,unknown,27.3392,88.6188,0.0,India,Sikkim
9638,10/17/2016 07:00:00 AM,mudslide,construction,medium,mine,17.4655,78.4606,1.0,India,Telangana
4940,06/17/2013 12:00:00 AM,landslide,rain,medium,unknown,30.3069,78.0169,3.0,India,Uttarakhand
7956,09/05/2015 12:00:00 AM,landslide,unknown,medium,above_road,26.048,91.8695,0.0,India,Meghalaya
5213,07/27/2013 12:00:00 AM,landslide,downpour,small,unknown,24.3599,85.6179,2.0,India,Jharkhand
2425,09/13/2010 12:00:00 AM,landslide,downpour,medium,unknown,23.3439,93.0748,0.0,India,Mizoram
6970,06/16/2015 12:00:00 AM,rock_fall,downpour,small,above_road,25.5084,90.2191,1.0,India,Meghalaya
2040,07/06/2010 12:00:00 AM,landslide,downpour,medium,unknown,30.638,78.3297,0.0,India,Uttarakhand
5312,08/11/2013 11:00:00 PM,landslide,downpour,very_large,unknown,26.7103,94.693,0.0,India,Assam
2711,11/11/2010 12:00:00 AM,landslide,downpour,medium,unknown,12.8806,75.0327,0.0,India,Karnataka
6247,10/15/2014 12:00:00 AM,landslide,mining,medium,above_road,31.0164,77.0991,2.0,India,Himachal Pradesh
1929,05/31/2010 11:00:00 PM,landslide,downpour,medium,unknown,27.3543,88.6428,0.0,India,Sikkim
2568,10/08/2010 12:00:00 AM,landslide,downpour,medium,unknown,24.7679,93.4108,0.0,India,Assam
3171,03/03/2011 11:00:00 PM,landslide,downpour,medium,unknown,33.2257,75.6695,1.0,India,Kashmir
3375,04/17/2011 12:00:00 AM,landslide,downpour,medium,unknown,33.2599,75.8886,1.0,India,Kashmir
4452,07/07/2012 12:00:00 AM,landslide,downpour,medium,unknown,34.0123,77.9988,,India,Kashmir
6947,06/21/2015 12:00:00 AM,landslide,rain,small,above_road,30.0261,78.6278,0.0,India,Uttarakhand
6414,09/02/2014 06:00:00 PM,landslide,continuous_rain,small,unknown,19.2677,73.0618,1.0,India,Maharashtra
1130,09/01/2009 03:00:00 PM,landslide,downpour,medium,unknown,29.7036,78.5658,3.0,India,Uttarakhand
6370,09/04/2014 12:00:00 AM,landslide,rain,medium,unknown,33.798,74.2562,1.0,India,Kashmir
3159,03/01/2011 03:00:00 PM,landslide,downpour,medium,unknown,33.2477,75.1919,0.0,India,Kashmir
5608,10/16/2013 06:00:00 PM,landslide,unknown,medium,unknown,30.5345,79.0853,0.0,India,Uttarakhand
7409,08/02/2015 12:00:00 AM,landslide,continuous_rain,medium,unknown,25.72,94.6219,0.0,India,Nagaland
5209,07/26/2013 12:00:00 AM,landslide,rain,medium,unknown,30.6539,78.3366,,India,Uttarakhand
9219,07/26/2016 11:00:00 PM,landslide,downpour,medium,retaining_wall,26.0101,94.5282,0.0,India,Nagaland
5178,07/24/2013 12:00:00 AM,landslide,continuous_rain,medium,unknown,30.4605,79.4774,2.0,India,Uttarakhand
6950,06/22/2015 06:15:00 AM,landslide,continuous_rain,medium,unknown,19.029,73.311,5.0,India,Maharashtra
4875,05/26/2013 12:00:00 AM,landslide,downpour,medium,unknown,28.758,77.15,,India,NCT
7141,07/08/2015 12:00:00 AM,landslide,rain,small,above_road,12.9455,75.7797,0.0,India,Karnataka
177,08/12/2007 12:00:00 AM,landslide,rain,medium,unknown,32.7334,77.5914,11.0,India,Himachal Pradesh
9008,07/16/2016 12:00:00 AM,rock_fall,rain,small,unknown,30.3351,78.5113,0.0,India,Uttarakhand
274,09/20/2007 12:00:00 AM,landslide,rain,medium,unknown,27.0875,88.4572,,India,Bengal
2579,10/09/2010 12:00:00 AM,landslide,downpour,medium,unknown,25.682,94.1076,0.0,India,Nāgāland
5100,07/14/2013 12:00:00 AM,landslide,rain,medium,unknown,31.673,76.5338,0.0,India,Himachal Pradesh
8223,09/14/2015 03:10:00 AM,landslide,downpour,large,above_road,23.7348,92.7187,0.0,India,Mizoram
1962,06/09/2010 12:00:00 AM,landslide,downpour,medium,unknown,31.09907494,77.1723589,0.0,India,Himachal Pradesh
181,08/13/2007 12:00:00 AM,landslide,rain,medium,unknown,17.3895,78.499,,India,Andhra Pradesh
840,10/12/2008 12:00:00 AM,mudslide,rain,medium,unknown,27.0167,78.1333,,India,Uttar Pradesh
5198,07/25/2013 12:00:00 AM,landslide,continuous_rain,medium,unknown,30.8928,78.48,0.0,India,Uttarakhand
5347,08/17/2013 12:00:00 AM,landslide,rain,medium,unknown,30.7292,78.4396,,India,Uttarakhand
7336,08/19/2015 09:00:00 AM,landslide,continuous_rain,medium,above_road,25.2193,90.5549,0.0,India,Meghalaya
9252,07/28/2016 12:00:00 AM,landslide,monsoon,medium,unknown,27.5748,91.8644,0.0,India,Arunachal Pradesh
1208,10/02/2009 12:00:00 AM,landslide,downpour,large,unknown,14.7812,74.499,24.0,India,Karnataka
7038,07/01/2015 12:00:00 AM,landslide,downpour,medium,above_road,26.8781,88.2807,0.0,India,West Bengal
5300,08/09/2013 12:00:00 AM,landslide,downpour,large,unknown,25.318,94.0441,,India,Nāgāland
5049,07/07/2013 12:00:00 AM,landslide,downpour,medium,unknown,31.5596,77.1679,,India,Himachal Pradesh
7665,08/11/2015 12:00:00 AM,landslide,continuous_rain,medium,unknown,24.7016,93.5291,0.0,India,Manipur
279,09/23/2007 12:00:00 AM,landslide,rain,medium,unknown,21.464,83.9462,,India,Orissa
133,07/21/2007 12:00:00 AM,landslide,rain,medium,unknown,23.9304,88.2374,1.0,India,Bengal
8571,10/02/2015 12:00:00 AM,landslide,downpour,medium,natural_slope,17.6874,83.1993,2.0,India,Andhra Pradesh
4183,02/04/2012 12:00:00 AM,landslide,downpour,medium,unknown,33.2424,75.2381,0.0,India,Kashmir
3737,07/06/2011 12:00:00 AM,landslide,downpour,medium,unknown,30.3214,78.0319,0.0,India,Uttarakhand
9475,08/07/2016 03:00:00 AM,landslide,continuous_rain,medium,above_road,32.9041,75.0911,0.0,India,Kashmir
5176,07/23/2013 12:00:00 AM,landslide,downpour,medium,unknown,30.1944,79.1939,0.0,India,Uttarakhand
7685,08/13/2015 12:00:00 AM,landslide,unknown,medium,above_road,31.7756,76.9876,0.0,India,Himachal Pradesh
9216,07/26/2016 11:00:00 PM,rock_fall,downpour,large,unknown,30.6935,77.4266,2.0,India,Himachal Pradesh
1994,06/16/2010 12:00:00 AM,landslide,downpour,medium,unknown,25.0633,92.8025,0.0,India,Assam
3760,07/11/2011 09:00:00 AM,landslide,downpour,medium,unknown,25.6703,94.1095,0.0,India,Nāgāland
5660,11/24/2013 11:00:00 PM,rock_fall,downpour,medium,unknown,11.344,76.8691,0.0,India,Tamil Nadu
4015,10/15/2011 12:00:00 AM,landslide,downpour,medium,unknown,10.4497,77.5206,0.0,India,Tamil Nadu
6310,08/05/2012 11:30:00 PM,rock_fall,unknown,medium,above_river,30.4876,78.0366,0.0,India,Uttarakhand
6851,03/10/2015 04:00:00 AM,mudslide,downpour,medium,unknown,32.5612,76.1238,0.0,India,Himachal Pradesh
4943,06/17/2013 12:00:00 AM,landslide,downpour,medium,unknown,29.5987,79.6592,4.0,India,Uttarakhand
9587,10/12/2016 12:00:00 AM,landslide,downpour,medium,below_road,26.8692,88.4695,0.0,India,West Bengal
2443,09/18/2010 12:00:00 AM,landslide,downpour,large,unknown,29.6042,79.5343,24.0,India,Uttarakhand
2183,07/31/2010 12:00:00 AM,landslide,downpour,medium,deforested_slope,31.0655,77.1325,0.0,India,Himachal Pradesh
1156,09/12/2009 12:00:00 AM,landslide,rain,medium,unknown,8.742,76.8902,1.0,India,Kerala
4480,08/17/2012 12:00:00 AM,landslide,downpour,medium,unknown,10.0011,76.7416,6.0,India,Kerala
709,08/12/2008 12:00:00 AM,landslide,rain,medium,unknown,12.845,75.66,,India,Karnataka
6566,08/27/2011 12:00:00 AM,landslide,downpour,medium,above_road,32.6188,75.3504,0.0,India,Kashmir
7139,07/07/2015 11:00:00 PM,landslide,continuous_rain,medium,unknown,26.8826,88.2806,1.0,India,West Bengal
5365,08/19/2013 11:00:00 PM,debris_flow,downpour,medium,unknown,30.6293,78.3303,,India,Uttarakhand
692,08/07/2008 12:00:00 AM,landslide,downpour,medium,unknown,25.705,94.04,,India,Nāgāland
3633,06/20/2011 12:00:00 AM,landslide,downpour,medium,unknown,26.3186,94.5121,0.0,India,Nāgāland
703,08/09/2008 12:00:00 AM,landslide,rain,medium,unknown,15.15,74.11,,India,Goa
7374,08/01/2015 12:00:00 AM,landslide,continuous_rain,medium,below_road,25.1122,94.3591,0.0,India,Manipur
4446,07/05/2012 12:00:00 AM,landslide,downpour,large,unknown,28.9986,94.8885,,India,Arunachal Pradesh
2341,08/26/2010 11:00:00 PM,landslide,downpour,medium,unknown,27.2319,88.497,0.0,India,
3861,07/29/2011 12:00:00 AM,landslide,downpour,medium,unknown,27.5862,80.1306,6.0,India,Uttar Pradesh
7185,04/03/2015 12:00:00 AM,landslide,downpour,small,above_road,32.2934,77.1803,0.0,India,Himachal Pradesh
410,01/06/2008 12:00:00 AM,landslide,rain,medium,unknown,33.1517,75.5464,1.0,India,Kashmir
3113,02/13/2011 11:00:00 PM,landslide,downpour,medium,unknown,33.577,74.1872,0.0,India,Kashmir
2098,07/19/2010 06:00:00 AM,landslide,downpour,medium,unknown,26.7215,95.0283,0.0,India,Nāgāland
2294,08/20/2010 12:00:00 AM,landslide,downpour,medium,unknown,30.3846,78.8371,0.0,India,Uttarakhand
7616,08/06/2015 12:00:00 AM,other,downpour,medium,retaining_wall,11.6753,92.749,0.0,India,Andaman and Nicobar Islands
269,09/18/2007 12:00:00 AM,landslide,rain,medium,unknown,27.2872,88.2816,,India,Sikkim
2137,07/25/2010 12:00:00 AM,landslide,downpour,medium,unknown,30.5589,77.2889,0.0,India,Himachal Pradesh
2309,08/22/2010 12:00:00 AM,landslide,downpour,medium,unknown,30.4238,79.6724,0.0,India,Uttarakhand
2205,08/06/2010 12:00:00 AM,landslide,downpour,medium,unknown,23.7365,92.7146,0.0,India,Mizoram
4610,11/11/2012 12:00:00 AM,landslide,downpour,medium,unknown,23.7705,92.5217,4.0,India,Mizoram
8680,07/03/2016 10:00:00 PM,rock_fall,monsoon,medium,above_road,19.336,73.7793,0.0,India,Maharashtra
3143,02/24/2011 12:00:00 AM,landslide,downpour,medium,unknown,33.3307,75.1772,0.0,India,Kashmir
1769,04/20/2010 12:00:00 AM,landslide,downpour,medium,above_road,34.38667467,76.34149164,0.0,India,Kashmir
7011,06/25/2015 09:00:00 AM,mudslide,downpour,medium,above_road,34.141,74.6568,0.0,India,Kashmir
4920,06/15/2013 12:00:00 AM,landslide,downpour,medium,unknown,31.5168,78.0976,0.0,India,Himachal Pradesh
2378,09/03/2010 12:00:00 AM,landslide,downpour,medium,unknown,30.135,78.3896,0.0,India,Uttarakhand
5275,08/04/2013 12:00:00 AM,landslide,monsoon,medium,unknown,26.1498,94.6055,,India,Nāgāland
2440,09/17/2010 12:00:00 AM,landslide,downpour,very_large,unknown,30.75402442,79.49970189,,India,Uttarakhand
9468,08/07/2016 12:00:00 AM,landslide,downpour,medium,above_road,33.2483,75.2131,0.0,India,Kashmir
9138,07/21/2016 09:00:00 AM,landslide,rain,medium,above_road,26.9015,88.4719,0.0,India,West Bengal
3892,08/07/2011 12:00:00 AM,landslide,downpour,medium,unknown,33.0271,75.0018,0.0,India,Kashmir
1031,05/26/2009 12:00:00 AM,landslide,tropical_cyclone,medium,unknown,26.8836,88.2791,7.0,India,Bengal
324,10/25/2007 12:00:00 AM,landslide,rain,medium,unknown,11.7792,78.2034,1.0,India,Tamil Nādu
4240,03/04/2012 08:00:00 AM,landslide,unknown,medium,unknown,29.5798,80.2123,2.0,India,Uttarakhand
2247,08/14/2010 12:00:00 AM,landslide,downpour,medium,unknown,26.148,94.8422,0.0,India,Nāgāland
2176,07/30/2010 03:00:00 PM,landslide,rain,medium,unknown,15.9517,73.9958,0.0,India,Maharashtra
2181,07/31/2010 06:20:00 PM,landslide,downpour,medium,urban,19.1287,72.8889,0.0,India,Maharashtra
6964,06/17/2015 12:00:00 AM,landslide,downpour,small,unknown,27.0087,88.443,0.0,India,West Bengal
1149,09/09/2009 11:00:00 PM,landslide,downpour,medium,unknown,31.5494,76.9001,,India,Himachal Pradesh
3927,08/16/2011 08:00:00 AM,landslide,downpour,medium,unknown,25.5144,90.2167,6.0,India,Meghālaya
7127,04/22/2015 04:00:00 PM,mudslide,downpour,small,above_road,12.8659,74.8852,0.0,India,Karnataka
2476,09/20/2010 12:00:00 AM,landslide,downpour,medium,unknown,29.3987,79.4841,0.0,India,Uttarakhand
7308,08/15/2015 12:00:00 AM,landslide,continuous_rain,medium,above_road,30.9111,78.6814,0.0,India,Uttarakhand
3890,08/07/2011 12:00:00 AM,landslide,downpour,medium,above_road,31.71456806,77.02239366,,India,Himachal Pradesh
2103,07/20/2010 12:00:00 AM,landslide,downpour,medium,unknown,29.9862,78.6115,0.0,India,Uttarakhand
4468,07/22/2012 12:00:00 AM,landslide,downpour,medium,unknown,11.405,76.0376,,India,Kerala
6924,03/28/2015 06:00:00 PM,landslide,downpour,medium,urban,33.9548314,74.79428356,0.0,India,Kashmir
259,09/11/2007 12:00:00 AM,landslide,rain,medium,unknown,25.52,91.27,,India,Meghālaya
326,10/26/2007 12:00:00 AM,landslide,rain,large,unknown,11.4046,76.6953,,India,Tamil Nadu
6112,06/28/2014 09:00:00 AM,landslide,rain,medium,unknown,26.1964,91.7652,0.0,India,Assam
7174,04/03/2015 12:00:00 AM,landslide,continuous_rain,small,unknown,34.0886,74.0301,4.0,India,Kashmir
4974,06/24/2013 03:00:00 PM,landslide,rain,medium,unknown,30.4091,79.0579,0.0,India,Uttarakhand
5051,07/07/2013 12:00:00 AM,landslide,downpour,medium,unknown,31.7017,76.973,,India,Himachal Pradesh
2050,07/07/2010 12:00:00 AM,landslide,downpour,medium,unknown,31.645,78.4354,0.0,India,Himachal Pradesh
7039,07/01/2015 12:00:00 AM,landslide,downpour,medium,unknown,27.0678,88.456,0.0,India,West Bengal
231,09/05/2007 12:00:00 AM,landslide,rain,medium,unknown,27.06826195,88.28121204,15.0,India,Bengal
1901,05/25/2010 06:00:00 PM,landslide,downpour,medium,unknown,34.09,74.0256,0.0,India,Kashmir
7594,08/05/2015 12:10:00 PM,landslide,mining,medium,mine,15.3956,74.0113,0.0,India,Goa
2268,08/18/2010 08:30:00 AM,complex,downpour,large,unknown,30.0134,79.9261,18.0,India,Uttarakhand
7390,08/01/2015 12:00:00 AM,landslide,continuous_rain,medium,above_road,24.4265,94.1913,0.0,India,Manipur
5292,08/07/2013 06:00:00 PM,landslide,monsoon,medium,unknown,9.835,76.8661,0.0,India,Kerala
2457,09/19/2010 12:00:00 AM,rock_fall,downpour,medium,unknown,31.563,77.9796,1.0,India,Himachal Pradesh
1204,10/01/2009 12:00:00 AM,landslide,downpour,medium,unknown,16.656,73.5178,8.0,India,Maharashtra
6197,08/16/2014 11:00:00 PM,landslide,downpour,medium,above_road,33.0272,74.9465,0.0,India,Kashmir
4912,06/11/2013 11:00:00 PM,landslide,downpour,medium,unknown,31.4898,76.7043,1.0,India,Himachal Pradesh
7036,07/01/2015 12:00:00 AM,landslide,downpour,large,unknown,26.8352,88.1881,42.0,India,West Bengal
1106,08/20/2009 12:00:00 AM,landslide,continuous_rain,medium,unknown,26.8992,88.1667,2.0,India,Bengal
2420,09/13/2010 12:00:00 AM,landslide,downpour,medium,urban,23.72988966,92.71495623,1.0,India,Mizoram
264,09/13/2007 12:00:00 AM,landslide,rain,medium,unknown,26.1833,91.8,,India,Assam
2034,07/04/2010 12:00:00 AM,landslide,rain,medium,below_road,26.8712,88.3052,0.0,India,Bengal
251,09/09/2007 12:00:00 AM,landslide,rain,medium,unknown,27.1667,88.35,1.0,India,Sikkim
4373,05/30/2012 12:00:00 AM,landslide,downpour,large,unknown,26.876,75.8101,,India,Rajasthan
3670,06/29/2011 12:00:00 AM,landslide,downpour,medium,above_road,30.67629482,79.04191791,,India,Uttarakhand
6214,10/05/2014 05:45:00 PM,landslide,rain,medium,above_road,25.9702,91.8587,1.0,India,Meghalaya
2257,08/16/2010 12:00:00 AM,landslide,downpour,medium,unknown,30.7284,79.4971,0.0,India,Uttarakhand
5052,07/07/2013 12:00:00 AM,landslide,downpour,medium,unknown,31.7093,76.9297,,India,Himachal Pradesh
7329,08/18/2015 03:00:00 PM,rock_fall,rain,medium,unknown,32.0275,77.3446,8.0,India,Himachal Pradesh
3944,08/25/2011 12:00:00 AM,landslide,downpour,medium,unknown,27.7344,88.633,2.0,India,
4411,06/14/2012 04:00:00 AM,landslide,downpour,medium,unknown,27.339,88.6065,,India,Sikkim
7296,07/24/2015 12:00:00 AM,landslide,continuous_rain,medium,above_road,30.416,78.3415,0.0,India,Uttarakhand
2463,09/19/2010 12:00:00 AM,landslide,downpour,medium,unknown,31.1191,77.5092,0.0,India,Himachal Pradesh
252,09/09/2007 12:00:00 AM,landslide,rain,medium,unknown,25.4993,94.1192,,India,Nāgāland
4033,11/03/2011 12:00:00 AM,landslide,downpour,medium,unknown,10.2445,77.5146,0.0,India,Tamil Nadu
3578,06/07/2011 09:00:00 AM,landslide,downpour,medium,unknown,30.2414,78.908,0.0,India,Uttarakhand
7297,07/28/2015 12:00:00 AM,landslide,continuous_rain,small,above_road,30.7204,79.0758,0.0,India,Uttarakhand
6842,03/02/2015 12:00:00 AM,landslide,continuous_rain,medium,above_road,33.3296,75.203,0.0,India,Kashmir
7920,06/26/2016 12:00:00 AM,landslide,downpour,medium,natural_slope,19.3805,84.5699,0.0,India,Odisha
142,07/27/2007 12:00:00 AM,rock_fall,rain,large,unknown,25.5212,90.232,8.0,India,Meghālaya
7157,07/10/2015 12:00:00 AM,landslide,continuous_rain,medium,unknown,34.0404,75.3156,2.0,India,Kashmir
7384,08/01/2015 12:00:00 AM,landslide,rain,medium,unknown,23.9278,94.0906,0.0,India,Manipur
211,08/26/2007 12:00:00 AM,mudslide,continuous_rain,medium,unknown,24.9667,93.55,1.0,India,Manipur
2046,07/07/2010 12:00:00 AM,landslide,downpour,medium,unknown,32.3733,77.2498,0.0,India,Himachal Pradesh
2280,08/19/2010 06:00:00 PM,landslide,downpour,medium,unknown,19.1935,73.0114,6.0,India,Maharashtra
8864,07/07/2016 12:00:00 AM,rock_fall,mining,small,mine,10.0545,78.0298,3.0,India,Tamil Nadu
4384,06/03/2012 12:00:00 AM,landslide,downpour,medium,unknown,25.1775,93.0123,,India,Assam
6337,09/09/2014 11:00:00 PM,landslide,unknown,large,above_river,31.7766,76.9832,0.0,India,Himachal Pradesh
6925,03/28/2015 12:00:00 AM,landslide,downpour,medium,above_road,33.0186,75.2405,0.0,India,Kashmir
5234,07/29/2013 10:30:00 AM,rock_fall,rain,medium,unknown,32.9918,75.1945,,India,Kashmir
7033,06/29/2015 12:00:00 AM,landslide,downpour,medium,above_road,27.0161,88.2478,0.0,India,West Bengal
5294,08/07/2013 12:00:00 AM,landslide,monsoon,medium,unknown,10.3031,76.7604,,India,Kerala
4383,06/03/2012 12:00:00 AM,landslide,downpour,medium,unknown,25.3056,93.1265,,India,Assam
516,05/01/2008 12:00:00 AM,complex,unknown,medium,unknown,33.1463,75.7454,12.0,India,Kashmir
3963,09/04/2011 12:30:00 AM,landslide,rain,small,above_road,17.9031,73.4361,0.0,India,Maharashtra
8892,10/31/2015 12:00:00 AM,landslide,downpour,small,above_road,11.374,77.8987,0.0,India,Tamil Nadu
4335,04/24/2012 12:00:00 AM,landslide,downpour,medium,unknown,33.2413,75.2381,,India,Kashmir
571,06/06/2008 12:00:00 AM,landslide,rain,medium,unknown,15.3925,73.8377,,India,Goa
6338,09/11/2014 12:00:00 AM,landslide,unknown,small,unknown,33.2611,75.2138,0.0,India,Kashmir
7375,08/01/2015 12:00:00 AM,landslide,continuous_rain,medium,above_road,25.1941,94.4481,0.0,India,Manipur
5280,08/05/2013 08:00:00 AM,landslide,monsoon,medium,unknown,9.879,76.9683,2.0,India,Kerala
5636,11/13/2013 11:00:00 PM,landslide,downpour,medium,unknown,18.7654,73.364,0.0,India,Maharashtra
2729,11/16/2010 12:00:00 AM,landslide,downpour,medium,unknown,10.3184,77.5277,0.0,India,Tamil Nadu
2163,07/29/2010 12:00:00 AM,landslide,downpour,medium,unknown,25.4196,94.1054,0.0,India,Nāgāland
6967,06/13/2015 06:30:00 AM,landslide,downpour,medium,above_road,27.0165,88.2476,0.0,India,West Bengal
7238,07/19/2015 12:00:00 AM,landslide,continuous_rain,small,unknown,14.8937,74.5828,0.0,India,Karnataka
3932,08/18/2011 12:00:00 AM,landslide,monsoon,medium,unknown,25.83,94.13,0.0,India,Nāgāland
9141,06/15/2016 09:00:00 AM,rock_fall,downpour,medium,unknown,9.7967,77.0611,2.0,India,Kerala
7302,07/28/2015 12:00:00 AM,landslide,continuous_rain,small,unknown,24.5938,72.7308,0.0,India,Rajasthan
7270,07/24/2015 12:00:00 AM,landslide,continuous_rain,small,unknown,29.5863,80.2186,0.0,India,Uttarakhand
4861,05/12/2013 12:00:00 AM,mudslide,rain,medium,unknown,24.9926,93.4946,,India,Assam
1093,08/16/2009 12:00:00 AM,landslide,downpour,medium,unknown,26.88211522,88.3195318,1.0,India,Bengal
7972,08/28/2015 01:45:00 AM,landslide,downpour,large,unknown,23.4495,92.8112,0.0,India,Mizoram
3831,07/22/2011 12:00:00 AM,landslide,downpour,medium,unknown,24.7992,93.948,0.0,India,Manipur
5584,10/06/2013 12:00:00 AM,landslide,downpour,medium,unknown,26.1665,91.7049,0.0,India,Assam
2364,08/30/2010 05:00:00 AM,landslide,downpour,medium,unknown,19.2179,73.1694,4.0,India,Maharashtra
6908,03/15/2015 12:00:00 AM,landslide,unknown,medium,above_road,33.0977,75.5787,0.0,India,Kashmir
3252,03/19/2011 12:00:00 AM,landslide,downpour,medium,unknown,33.2466,75.1611,0.0,India,Kashmir
1986,06/15/2010 12:00:00 AM,landslide,downpour,medium,unknown,26.3335,94.5512,0.0,India,Nāgāland
5264,08/04/2013 12:00:00 AM,mudslide,downpour,large,unknown,10.3228,76.4319,,India,Kerala
7387,08/01/2015 12:00:00 AM,landslide,continuous_rain,small,below_road,24.954,94.2156,0.0,India,Manipur
5171,07/23/2013 08:45:00 AM,rock_fall,unknown,small,unknown,10.0533,76.4788,2.0,India,Kerala
2573,10/09/2010 12:00:00 AM,mudslide,downpour,medium,unknown,25.1796,93.0083,1.0,India,Assam
319,10/19/2007 12:00:00 AM,landslide,rain,medium,unknown,25.4379,94.1162,,India,Nāgāland
7261,07/21/2015 12:00:00 AM,landslide,continuous_rain,small,above_road,33.616,77.7652,0.0,India,Kashmir
3859,07/29/2011 12:00:00 AM,landslide,downpour,medium,unknown,30.012,78.197,0.0,India,Uttarakhand
2056,07/11/2010 12:00:00 AM,landslide,downpour,medium,unknown,32.304,77.2106,0.0,India,Himachal Pradesh
313,10/16/2007 12:00:00 AM,landslide,rain,large,unknown,25.7055,94.0132,,India,Nāgāland
2456,09/19/2010 12:00:00 AM,landslide,downpour,medium,unknown,30.7991,79.4356,0.0,India,Uttarakhand
9010,07/16/2016 12:00:00 AM,mudslide,downpour,medium,above_road,27.3034,93.804,1.0,India,Arunachal Pradesh
2539,10/03/2010 12:00:00 AM,landslide,downpour,medium,unknown,28.3092,95.4149,10.0,India,Arunāchal Pradesh
1043,06/29/2009 02:30:00 AM,rock_fall,continuous_rain,medium,unknown,18.7591,73.3852,1.0,India,Maharashtra
6331,09/08/2014 12:00:00 AM,mudslide,unknown,medium,unknown,25.9466,94.6279,0.0,India,Nagaland
5485,09/08/2013 12:00:00 AM,rock_fall,rain,medium,unknown,27.6047,88.6463,1.0,India,
4764,02/22/2013 12:00:00 AM,landslide,snowfall_snowmelt,medium,unknown,33.4372,75.2027,,India,Kashmir
94,06/15/2007 12:00:00 AM,landslide,rain,medium,unknown,26.8096,88.526,,India,Bengal
1958,06/08/2010 09:00:00 AM,landslide,monsoon,medium,unknown,19.0176,72.8562,2.0,India,Maharashtra
99,06/25/2007 12:00:00 AM,landslide,rain,medium,unknown,19.0298,72.9104,2.0,India,Maharashtra
1498,02/10/2010 12:00:00 AM,landslide,rain,medium,unknown,34.151,74.1213,0.0,India,Kashmir
1768,04/20/2010 12:00:00 AM,landslide,downpour,medium,above_road,34.38663064,76.34158851,0.0,India,Kashmir
162,08/07/2007 12:00:00 AM,landslide,rain,medium,unknown,15.0296,74.0253,,India,Goa
1987,06/15/2010 12:00:00 AM,landslide,downpour,medium,unknown,25.2269,93.1658,0.0,India,Assam
6432,08/04/2014 11:00:00 PM,complex,downpour,medium,above_road,30.709,76.9834,0.0,India,Haryana
5062,07/08/2013 12:00:00 AM,mudslide,downpour,medium,unknown,33.3118,75.7525,2.0,India,Kashmir
5073,07/10/2013 12:00:00 AM,landslide,downpour,medium,unknown,19.0222,72.8663,5.0,India,Maharashtra
2043,07/06/2010 12:00:00 AM,mudslide,monsoon,medium,unknown,26.7225,95.0281,0.0,India,Nāgāland
7910,08/01/2015 12:00:00 AM,landslide,unknown,medium,above_road,24.3481,94.1146,0.0,India,Manipur
9448,08/05/2016 11:00:00 PM,rock_fall,downpour,small,unknown,29.5866,80.2154,1.0,India,Uttarakhand
3745,07/08/2011 12:00:00 AM,landslide,rain,medium,unknown,30.9209,77.0206,0.0,India,Himachal Pradesh
6775,02/14/2015 12:00:00 AM,landslide,mining,small,mine,26.1468,91.6469,1.0,India,Assam
1776,04/21/2010 12:00:00 AM,landslide,downpour,medium,unknown,25.3612,92.2845,0.0,India,Meghālaya
6786,02/19/2015 11:00:00 PM,landslide,mining,medium,mine,24.6108,92.562,2.0,India,Assam
6291,09/21/2014 12:00:00 AM,landslide,continuous_rain,large,unknown,25.7354,90.3852,0.0,India,Meghalaya
6213,09/24/2014 12:00:00 AM,landslide,continuous_rain,large,unknown,25.8143,90.5763,0.0,India,Meghalaya
2415,09/12/2010 12:00:00 AM,landslide,downpour,medium,unknown,25.63961883,94.11112157,,India,Nāgāland
5970,03/20/2014 12:00:00 AM,landslide,unknown,medium,above_road,33.2355,75.2449,0.0,India,Kashmir
9336,05/18/2016 08:00:00 AM,landslide,continuous_rain,small,unknown,24.5308,92.5121,1.0,India,Assam
6907,03/21/2015 12:00:00 AM,landslide,continuous_rain,medium,above_road,33.1754,75.8103,0.0,India,Kashmir
9604,10/12/2016 12:00:00 AM,landslide,continuous_rain,medium,above_road,27.2676,88.2891,0.0,India,Sikkim
5233,07/29/2013 10:00:00 AM,landslide,rain,small,unknown,32.9918,75.1945,,India,Kashmir
1170,09/18/2009 12:00:00 AM,landslide,rain,medium,unknown,26.8342,88.2798,,India,Bengal
3577,06/07/2011 12:00:00 AM,landslide,downpour,medium,unknown,30.5319,79.3541,0.0,India,Uttarakhand
796,09/19/2008 12:00:00 AM,landslide,downpour,medium,unknown,30.56,77.3,6.0,India,Himachal Pradesh
7837,08/27/2015 12:00:00 AM,landslide,downpour,medium,urban,23.7269,92.7265,0.0,India,Mizoram
7267,07/22/2015 12:00:00 AM,landslide,continuous_rain,small,above_road,25.3908,94.0926,0.0,India,Manipur
4848,05/08/2013 12:00:00 AM,landslide,rain,medium,unknown,24.0896,91.4663,1.0,India,Tripura
2018,07/22/2010 02:00:00 AM,landslide,continuous_rain,medium,urban,19.17377751,72.88274367,0.0,India,Maharashtra
3617,06/17/2011 11:00:00 PM,landslide,continuous_rain,medium,above_road,26.84850975,88.26181745,0.0,India,Bengal
2475,09/20/2010 12:00:00 AM,landslide,downpour,medium,unknown,31.1581,77.7155,0.0,India,Himachal Pradesh
5241,07/31/2013 08:00:00 AM,landslide,downpour,medium,unknown,29.5952,79.6625,,India,Uttarakhand
9122,07/20/2016 12:00:00 AM,landslide,rain,medium,unknown,26.1966,91.802,0.0,India,Assam
9096,12/19/2015 12:00:00 AM,landslide,downpour,medium,unknown,17.7345,83.2884,4.0,India,Andhra Pradesh
222,09/01/2007 12:00:00 AM,landslide,rain,medium,unknown,17.2634,73.5446,1.0,India,Maharashtra
3667,06/29/2011 12:00:00 AM,landslide,continuous_rain,medium,unknown,32.2282,77.1898,0.0,India,Himachal Pradesh
4472,08/14/2012 12:00:00 AM,landslide,downpour,medium,unknown,30.7362,78.44,,India,Uttarakhand
2574,10/09/2010 12:00:00 AM,landslide,downpour,medium,unknown,25.4749,93.1477,0.0,India,Assam
8482,07/02/2016 09:00:00 AM,rock_fall,downpour,medium,above_road,30.89221723,77.09003076,1.0,India,Himachal Pradesh
6282,09/22/2014 12:00:00 AM,landslide,rain,small,urban,26.1097,91.7747,1.0,India,Assam
2263,08/17/2010 12:00:00 AM,landslide,downpour,medium,unknown,26.2753,94.6654,0.0,India,Nāgāland
3793,07/17/2011 12:30:00 AM,landslide,downpour,small,unknown,15.8513,73.8161,0.0,India,Maharashtra
620,06/30/2008 12:00:00 AM,landslide,downpour,medium,unknown,27.0771,88.482,,India,Bengal
7224,07/19/2015 12:00:00 AM,landslide,continuous_rain,medium,above_road,30.73,78.4378,0.0,India,Uttarakhand
4210,02/19/2012 07:00:00 AM,complex,unknown,medium,unknown,33.2361,75.2441,6.0,India,Kashmir
4932,06/16/2013 12:00:00 AM,landslide,downpour,medium,unknown,31.348,77.4614,0.0,India,Himachal Pradesh
416,01/07/2008 12:00:00 AM,landslide,rain,medium,unknown,33.4341,75.1923,,India,Kashmir
6289,09/22/2014 12:00:00 AM,landslide,rain,small,unknown,26.1001,91.6849,0.0,India,Assam
9087,07/19/2016 12:00:00 AM,landslide,downpour,medium,above_road,28.235,94.9612,0.0,India,Arunachal Pradesh
3885,08/06/2011 09:00:00 AM,landslide,downpour,medium,unknown,9.497393176,76.8696375,,India,Kerala
3620,06/17/2011 04:00:00 AM,landslide,downpour,medium,unknown,17.0032,73.3572,0.0,India,Maharashtra
166,08/09/2007 12:00:00 AM,landslide,rain,medium,unknown,12.8733,74.8481,,India,Karnataka
2279,08/19/2010 12:00:00 AM,landslide,downpour,medium,unknown,26.9722,88.4481,0.0,India,Bengal
8032,06/29/2016 12:00:00 AM,landslide,downpour,medium,above_road,30.3299,79.3206,0.0,India,Uttarakhand
717,08/15/2008 12:00:00 AM,landslide,downpour,medium,unknown,33.0,74.9277,,India,Kashmir
183,08/14/2007 12:00:00 AM,complex,downpour,very_large,unknown,26.2208,73.6106,52.0,India,Rajasthan
5650,11/17/2013 06:00:00 AM,rock_fall,downpour,medium,unknown,13.6529,79.3439,0.0,India,Andhra Pradesh
1030,05/26/2009 12:00:00 AM,landslide,tropical_cyclone,medium,unknown,27.04357147,88.26522126,14.0,India,Bengal
4913,06/11/2013 11:00:00 PM,landslide,rain,small,unknown,31.4881,76.6702,0.0,India,Himachal Pradesh
7294,07/24/2015 12:00:00 AM,landslide,continuous_rain,small,above_road,30.4528,78.1045,0.0,India,Uttarakhand
3566,06/02/2011 12:00:00 AM,landslide,downpour,medium,unknown,10.0838,77.0696,0.0,India,Kerala
130,07/19/2007 12:00:00 AM,landslide,rain,medium,unknown,26.1699,91.7986,6.0,India,Assam
